season,href,name,dob,height,weight,age_year_end_days,age_year_end_years
1991,pp-west-coast-eagles--guy-mckenna,Guy McKenna,1969-05-11,184,88,8259,22.627
1991,pp-essendon-bombers--anthony-daniher,Anthony Daniher,1963-01-21,191,90,10561,28.934
1991,pp-adelaide-crows--nigel-smart,Nigel Smart,1969-05-21,188,91,8249,22.6
1991,pp-st-kilda-saints--david-grant,David Grant,1966-08-07,184,84,9267,25.389
1991,pp-fitzroy-lions--paul-roos,Paul Roos,1963-06-27,188,88,10404,28.504
1991,pp-geelong-cats--ken-hinkley,Ken Hinkley,1966-09-30,185,80,9213,25.241
1991,pp-west-coast-eagles--chris-mainwaring,Chris Mainwaring,1965-12-27,177,85,9490,26
1991,pp-geelong-cats--paul-couch,Paul Couch,1964-07-19,180,82,10016,27.441
1991,pp-west-coast-eagles--peter-matera,Peter Matera,1969-04-03,183,89,8297,22.732
1991,pp-collingwood-magpies--gavin-brown,Gavin Brown,1967-09-25,184,86,8853,24.255
1991,pp-st-kilda-saints--stewart-loewe,Stewart Loewe,1968-05-23,194,108,8612,23.595
1991,pp-st-kilda-saints--nicky-winmar,Nicky Winmar,1965-09-25,183,81,9583,26.255
1991,pp-collingwood-magpies--tony-francis,Tony Francis,1969-04-01,171,74,8299,22.737
1991,pp-st-kilda-saints--tony-lockett,Tony Lockett,1966-03-09,191,108,9418,25.803
1991,pp-geelong-cats--garry-hocking,Garry Hocking,1968-10-08,182,84,8474,23.216
1991,pp-melbourne-demons--jim-stynes,Jim Stynes,1966-04-23,199,99,9373,25.679
1991,pp-geelong-cats--mark-bairstow,Mark Bairstow,1963-07-24,180,87,10377,28.43
1991,pp-sydney-swans--barry-mitchell,Barry Mitchell,1965-12-07,173,70,9510,26.055
1991,pp-geelong-cats--bill-brownless,Bill Brownless,1967-01-28,192,95,9093,24.912
1991,pp-west-coast-eagles--craig-turley,Craig Turley,1965-08-24,185,84,9615,26.342
1992,pp-adelaide-crows--ben-hart,Ben Hart,1974-07-09,190,83,6740,18.466
1992,pp-fitzroy-lions--paul-roos,Paul Roos,1963-06-27,188,88,10770,29.507
1992,pp-essendon-bombers--gavin-wanganeen,Gavin Wanganeen,1973-06-16,181,83,7128,19.529
1992,pp-geelong-cats--ken-hinkley,Ken Hinkley,1966-09-30,185,80,9579,26.244
1992,pp-geelong-cats--barry-stoneham,Barry Stoneham,1968-02-09,194,98,9082,24.882
1992,pp-carlton-blues--mil-hanna,Mil Hanna,1966-04-05,184,91,9757,26.732
1992,pp-west-coast-eagles--dean-kemp,Dean Kemp,1969-02-17,182,81,8708,23.858
1992,pp-hawthorn-hawks--darren-jarman,Darren Jarman,1967-01-28,186,92,9459,25.915
1992,pp-collingwood-magpies--michael-mcguane,Michael McGuane,1967-12-29,186,94,9124,24.997
1992,pp-st-kilda-saints--robert-harvey,Robert Harvey,1971-08-21,181,86,7793,21.351
1992,pp-st-kilda-saints--stewart-loewe,Stewart Loewe,1968-05-23,194,108,8978,24.597
1992,pp-geelong-cats--gary-ablett,Gary Ablett,1961-10-01,185,97,11404,31.244
1992,pp-adelaide-crows--tony-mcguinness,Tony McGuinness,1964-05-06,176,76,10456,28.647
1992,pp-hawthorn-hawks--jason-dunstall,Jason Dunstall,1964-08-14,188,98,10356,28.373
1992,pp-st-kilda-saints--tony-lockett,Tony Lockett,1966-03-09,191,108,9784,26.805
1992,pp-western-bulldogs--scott-wynd,Scott Wynd,1970-01-25,201,108,8366,22.921
1992,pp-adelaide-crows--chris-mcdermott,Chris McDermott,1963-11-04,182,92,10640,29.151
1992,pp-hawthorn-hawks--john-platten,John Platten,1963-03-17,170,70,10872,29.786
1992,pp-carlton-blues--stephen-kernahan,Stephen Kernahan,1963-09-01,196,102,10704,29.326
1992,pp-geelong-cats--mark-bairstow,Mark Bairstow,1963-07-24,180,87,10743,29.433
1993,pp-adelaide-crows--ben-hart,Ben Hart,1974-07-09,190,83,7105,19.466
1993,pp-fitzroy-lions--alastair-lynch,Alastair Lynch,1968-06-19,193,97,9316,25.523
1993,pp-essendon-bombers--gavin-wanganeen,Gavin Wanganeen,1973-06-16,181,83,7493,20.529
1993,pp-west-coast-eagles--guy-mckenna,Guy McKenna,1969-05-11,184,88,8990,24.63
1993,pp-essendon-bombers--mark-harvey,Mark Harvey,1965-06-11,184,87,10420,28.548
1993,pp-carlton-blues--andrew-mckay,Andrew McKay,1970-07-14,185,90,8561,23.455
1993,pp-adelaide-crows--greg-anderson,Greg Anderson,1966-05-14,188,92,10083,27.625
1993,pp-carlton-blues--greg-williams,Greg Williams,1963-09-30,176,86,11040,30.247
1993,pp-west-coast-eagles--peter-matera,Peter Matera,1969-04-03,183,89,9028,24.734
1993,pp-carlton-blues--craig-bradley,Craig Bradley,1963-10-23,180,81,11017,30.184
1993,pp-kangaroos--wayne-carey,Wayne Carey,1971-05-27,192,97,8244,22.586
1993,pp-melbourne-demons--garry-lyon,Garry Lyon,1967-09-13,193,96,9596,26.29
1993,pp-geelong-cats--garry-hocking,Garry Hocking,1968-10-08,182,84,9205,25.219
1993,pp-geelong-cats--gary-ablett,Gary Ablett,1961-10-01,185,97,11769,32.244
1993,pp-adelaide-crows--tony-modra,Tony Modra,1969-03-01,188,95,9061,24.825
1993,pp-melbourne-demons--jim-stynes,Jim Stynes,1966-04-23,199,99,10104,27.682
1993,pp-hawthorn-hawks--ben-allan,Ben Allan,1968-10-15,182,83,9198,25.2
1993,pp-adelaide-crows--tony-mcguinness,Tony McGuinness,1964-05-06,176,76,10821,29.647
1993,pp-adelaide-crows--nigel-smart,Nigel Smart,1969-05-21,188,91,8980,24.603
1993,pp-st-kilda-saints--nathan-burke,Nathan Burke,1970-02-06,180,85,8719,23.888
1994,pp-west-coast-eagles--david-hart,David Hart,1964-03-03,176,83,11250,30.822
1994,pp-carlton-blues--stephen-silvagni,Stephen Silvagni,1967-05-31,194,95,10066,27.578
1994,pp-hawthorn-hawks--chris-langford,Chris Langford,1963-01-02,193,96,11676,31.989
1994,pp-west-coast-eagles--guy-mckenna,Guy McKenna,1969-05-11,184,88,9355,25.63
1994,pp-west-coast-eagles--glen-jakovich,Glen Jakovich,1973-03-24,193,102,7942,21.759
1994,pp-geelong-cats--michael-mansfield,Michael Mansfield,1971-08-08,183,85,8536,23.386
1994,pp-melbourne-demons--stephen-tingay,Stephen Tingay,1970-08-13,181,85,8896,24.373
1994,pp-carlton-blues--greg-williams,Greg Williams,1963-09-30,176,86,11405,31.247
1994,pp-west-coast-eagles--peter-matera,Peter Matera,1969-04-03,183,89,9393,25.734
1994,pp-collingwood-magpies--gavin-brown,Gavin Brown,1967-09-25,184,86,9949,27.258
1994,pp-kangaroos--wayne-carey,Wayne Carey,1971-05-27,192,97,8609,23.586
1994,pp-melbourne-demons--garry-lyon,Garry Lyon,1967-09-13,193,96,9961,27.29
1994,pp-hawthorn-hawks--jason-dunstall,Jason Dunstall,1964-08-14,188,98,11086,30.373
1994,pp-geelong-cats--gary-ablett,Gary Ablett,1961-10-01,185,97,12134,33.244
1994,pp-hawthorn-hawks--ben-allan,Ben Allan,1968-10-15,182,83,9563,26.2
1994,pp-adelaide-crows--shaun-rehn,Shaun Rehn,1971-08-17,203,106,8527,23.362
1994,pp-st-kilda-saints--robert-harvey,Robert Harvey,1971-08-21,181,86,8523,23.351
1994,pp-geelong-cats--garry-hocking,Garry Hocking,1968-10-08,182,84,9570,26.219
1994,pp-adelaide-crows--mark-ricciuto,Mark Ricciuto,1975-06-08,184,92,7136,19.551
1994,pp-carlton-blues--craig-bradley,Craig Bradley,1963-10-23,180,81,11382,31.184
1994,pp-carlton-blues--stephen-kernahan,Stephen Kernahan,1963-09-01,196,102,11434,31.326
1995,pp-essendon-bombers--gavin-wanganeen,Gavin Wanganeen,1973-06-16,181,83,8223,22.529
1995,pp-carlton-blues--stephen-silvagni,Stephen Silvagni,1967-05-31,194,95,10431,28.578
1995,pp-carlton-blues--ang-christou,Ang Christou,1972-01-16,190,90,8740,23.945
1995,pp-geelong-cats--michael-mansfield,Michael Mansfield,1971-08-08,183,85,8901,24.386
1995,pp-west-coast-eagles--glen-jakovich,Glen Jakovich,1973-03-24,193,102,8307,22.759
1995,pp-richmond-tigers--wayne-campbell,Wayne Campbell,1972-09-23,189,88,8489,23.258
1995,pp-st-kilda-saints--nicky-winmar,Nicky Winmar,1965-09-25,183,81,11044,30.258
1995,pp-geelong-cats--paul-couch,Paul Couch,1964-07-19,180,82,11477,31.444
1995,pp-essendon-bombers--michael-long,Michael Long,1969-10-01,178,80,9577,26.238
1995,pp-melbourne-demons--garry-lyon,Garry Lyon,1967-09-13,193,96,10326,28.29
1995,pp-kangaroos--wayne-carey,Wayne Carey,1971-05-27,192,97,8974,24.586
1995,pp-essendon-bombers--james-hird,James Hird,1973-02-04,188,90,8355,22.89
1995,pp-hawthorn-hawks--darren-jarman,Darren Jarman,1967-01-28,186,92,10554,28.915
1995,pp-geelong-cats--gary-ablett,Gary Ablett,1961-10-01,185,97,12499,34.244
1995,pp-sydney-swans--tony-lockett,Tony Lockett,1966-03-09,191,108,10879,29.805
1995,pp-carlton-blues--justin-madden,Justin Madden,1961-05-31,206,107,12622,34.581
1995,pp-st-kilda-saints--robert-harvey,Robert Harvey,1971-08-21,181,86,8888,24.351
1995,pp-carlton-blues--craig-bradley,Craig Bradley,1963-10-23,180,81,11747,32.184
1995,pp-carlton-blues--anthony-koutoufides,Anthony Koutoufides,1973-01-18,191,99,8372,22.937
1995,pp-melbourne-demons--david-neitz,David Neitz,1975-01-22,191,100,7638,20.926
1995,pp-sydney-swans--paul-kelly,Paul Kelly,1969-07-28,179,83,9642,26.416
1996,pp-st-kilda-saints--nathan-burke,Nathan Burke,1970-02-06,180,85,9815,26.89
1996,pp-carlton-blues--stephen-silvagni,Stephen Silvagni,1967-05-31,194,95,10797,29.581
1996,pp-carlton-blues--michael-sexton,Michael Sexton,1971-03-05,192,92,9423,25.816
1996,pp-collingwood-magpies--nathan-buckley,Nathan Buckley,1972-07-26,186,92,8914,24.422
1996,pp-sydney-swans--paul-roos,Paul Roos,1963-06-27,188,88,12231,33.51
1996,pp-west-coast-eagles--peter-matera,Peter Matera,1969-04-03,183,89,10124,27.737
1996,pp-west-coast-eagles--chris-mainwaring,Chris Mainwaring,1965-12-27,177,85,11317,31.005
1996,pp-sydney-swans--paul-kelly,Paul Kelly,1969-07-28,179,83,10008,27.419
1996,pp-hawthorn-hawks--shane-crawford,Shane Crawford,1974-09-09,174,80,8139,22.299
1996,pp-essendon-bombers--james-hird,James Hird,1973-02-04,188,90,8721,23.893
1996,pp-kangaroos--wayne-carey,Wayne Carey,1971-05-27,192,97,9340,25.589
1996,pp-west-coast-eagles--mitchell-white,Mitchell White,1973-03-28,190,96,8669,23.751
1996,pp-brisbane-lions--michael-voss,Michael Voss,1975-07-07,183,88,7838,21.474
1996,pp-sydney-swans--tony-lockett,Tony Lockett,1966-03-09,191,108,11245,30.808
1996,pp-adelaide-crows--darren-jarman,Darren Jarman,1967-01-28,186,92,10920,29.918
1996,pp-kangaroos--corey-mckernan,Corey McKernan,1973-12-19,197,105,8403,23.022
1996,pp-st-kilda-saints--robert-harvey,Robert Harvey,1971-08-21,181,86,9254,25.353
1996,pp-brisbane-lions--craig-lambert,Craig Lambert,1968-10-05,178,84,10304,28.23
1996,pp-geelong-cats--garry-hocking,Garry Hocking,1968-10-08,182,84,10301,28.222
1996,pp-kangaroos--glenn-archer,Glenn Archer,1973-03-24,182,92,8673,23.762
1996,pp-richmond-tigers--matthew-richardson,Matthew Richardson,1975-03-19,195,104,7948,21.775
1997,pp-kangaroos--david-king-2,David King,1972-03-07,183,94,9420,25.808
1997,pp-carlton-blues--stephen-silvagni,Stephen Silvagni,1967-05-31,194,95,11162,30.581
1997,pp-sydney-swans--paul-roos,Paul Roos,1963-06-27,188,88,12596,34.51
1997,pp-west-coast-eagles--peter-matera,Peter Matera,1969-04-03,183,89,10489,28.737
1997,pp-carlton-blues--michael-sexton,Michael Sexton,1971-03-05,192,92,9788,26.816
1997,pp-port-adelaide-power--adam-heuskes,Adam Heuskes,1976-03-20,190,93,7946,21.77
1997,pp-st-kilda-saints--austinn-jones,Austinn Jones,1976-09-28,176,82,7754,21.244
1997,pp-carlton-blues--craig-bradley,Craig Bradley,1963-10-23,180,81,12478,34.186
1997,pp-collingwood-magpies--nathan-buckley,Nathan Buckley,1972-07-26,186,92,9279,25.422
1997,pp-western-bulldogs--rohan-smith,Rohan Smith,1973-05-31,184,80,8970,24.575
1997,pp-western-bulldogs--chris-grant,Chris Grant,1972-12-13,193,98,9139,25.038
1997,pp-sydney-swans--michael-o-loughlin,Michael O'Loughlin,1977-02-20,189,90,7609,20.847
1997,pp-west-coast-eagles--fraser-gehrig,Fraser Gehrig,1976-03-03,195,104,7963,21.816
1997,pp-adelaide-crows--tony-modra,Tony Modra,1969-03-01,188,95,10522,28.827
1997,pp-sydney-swans--paul-kelly,Paul Kelly,1969-07-28,179,83,10373,28.419
1997,pp-hawthorn-hawks--paul-salmon,Paul Salmon,1965-01-20,205,112,12023,32.94
1997,pp-st-kilda-saints--robert-harvey,Robert Harvey,1971-08-21,181,86,9619,26.353
1997,pp-st-kilda-saints--nathan-burke,Nathan Burke,1970-02-06,180,85,10180,27.89
1997,pp-adelaide-crows--mark-ricciuto,Mark Ricciuto,1975-06-08,184,92,8232,22.553
1997,pp-st-kilda-saints--peter-everitt,Peter Everitt,1974-05-03,201,102,8633,23.652
1997,pp-sydney-swans--daryn-cresswell,Daryn Cresswell,1971-05-22,183,84,9710,26.603
1998,pp-kangaroos--david-king-2,David King,1972-03-07,183,94,9785,26.808
1998,pp-west-coast-eagles--ashley-mcintosh,Ashley McIntosh,1972-10-20,192,97,9558,26.186
1998,pp-kangaroos--glenn-archer,Glenn Archer,1973-03-24,182,92,9403,25.762
1998,pp-collingwood-magpies--nathan-buckley,Nathan Buckley,1972-07-26,186,92,9644,26.422
1998,pp-essendon-bombers--sean-wellman,Sean Wellman,1974-09-20,193,90,8858,24.268
1998,pp-adelaide-crows--nigel-smart,Nigel Smart,1969-05-21,188,91,10806,29.605
1998,pp-richmond-tigers--matthew-knights,Matthew Knights,1970-10-05,178,79,10304,28.23
1998,pp-western-bulldogs--scott-west,Scott West,1974-11-14,178,83,8803,24.118
1998,pp-hawthorn-hawks--shane-crawford,Shane Crawford,1974-09-09,174,80,8869,24.299
1998,pp-western-bulldogs--paul-hudson,Paul Hudson,1970-07-20,185,88,10381,28.441
1998,pp-kangaroos--wayne-carey,Wayne Carey,1971-05-27,192,97,10070,27.589
1998,pp-adelaide-crows--mark-ricciuto,Mark Ricciuto,1975-06-08,184,92,8597,23.553
1998,pp-west-coast-eagles--ben-cousins,Ben Cousins,1978-06-30,179,78,7479,20.49
1998,pp-sydney-swans--tony-lockett,Tony Lockett,1966-03-09,191,108,11975,32.808
1998,pp-essendon-bombers--matthew-lloyd,Matthew Lloyd,1978-04-16,192,93,7554,20.696
1998,pp-st-kilda-saints--peter-everitt,Peter Everitt,1974-05-03,201,102,8998,24.652
1998,pp-melbourne-demons--todd-viney,Todd Viney,1966-03-30,183,92,11954,32.751
1998,pp-st-kilda-saints--robert-harvey,Robert Harvey,1971-08-21,181,86,9984,27.353
1998,pp-western-bulldogs--chris-grant,Chris Grant,1972-12-13,193,98,9504,26.038
1998,pp-adelaide-crows--andrew-mcleod,Andrew McLeod,1976-08-04,181,82,8174,22.395
1998,pp-adelaide-crows--shaun-rehn,Shaun Rehn,1971-08-17,203,106,9988,27.364
1998,pp-kangaroos--anthony-stevens,Anthony Stevens,1971-07-02,178,81,10034,27.49
1999,pp-brisbane-lions--jason-akermanis,Jason Akermanis,1977-02-24,177,85,8335,22.836
1999,pp-brisbane-lions--justin-leppitsch,Justin Leppitsch,1975-10-01,191,97,8847,24.238
1999,pp-adelaide-crows--ben-hart,Ben Hart,1974-07-09,190,83,9296,25.468
1999,pp-kangaroos--byron-pickett,Byron Pickett,1977-08-11,179,86,8167,22.375
1999,pp-carlton-blues--stephen-silvagni,Stephen Silvagni,1967-05-31,194,95,11892,32.581
1999,pp-carlton-blues--andrew-mckay,Andrew McKay,1970-07-14,185,90,10752,29.458
1999,pp-western-bulldogs--brad-johnson,Brad Johnson,1976-07-18,182,87,8556,23.441
1999,pp-collingwood-magpies--nathan-buckley,Nathan Buckley,1972-07-26,186,92,10009,27.422
1999,pp-sydney-swans--wayne-schwass,Wayne Schwass,1968-11-27,180,80,11346,31.085
1999,pp-essendon-bombers--mark-mercuri,Mark Mercuri,1974-02-21,178,77,9434,25.847
1999,pp-kangaroos--wayne-carey,Wayne Carey,1971-05-27,192,97,10435,28.589
1999,pp-brisbane-lions--michael-voss,Michael Voss,1975-07-07,183,88,8933,24.474
1999,pp-west-coast-eagles--ben-cousins,Ben Cousins,1978-06-30,179,78,7844,21.49
1999,pp-essendon-bombers--matthew-lloyd,Matthew Lloyd,1978-04-16,192,93,7919,21.696
1999,pp-richmond-tigers--matthew-richardson,Matthew Richardson,1975-03-19,195,104,9043,24.775
1999,pp-carlton-blues--matthew-allan,Matthew Allan,1975-02-26,198,104,9064,24.833
1999,pp-st-kilda-saints--robert-harvey,Robert Harvey,1971-08-21,181,86,10349,28.353
1999,pp-hawthorn-hawks--shane-crawford,Shane Crawford,1974-09-09,174,80,9234,25.299
1999,pp-kangaroos--peter-bell,Peter Bell,1976-03-01,175,81,8695,23.822
1999,pp-st-kilda-saints--nathan-burke,Nathan Burke,1970-02-06,180,85,10910,29.89
1999,pp-richmond-tigers--wayne-campbell,Wayne Campbell,1972-09-23,189,88,9950,27.26
1999,pp-western-bulldogs--chris-grant,Chris Grant,1972-12-13,193,98,9869,27.038
2000,pp-essendon-bombers--damien-hardwick,Damien Hardwick,1972-08-18,180,82,10352,28.362
2000,pp-essendon-bombers--dustin-fletcher,Dustin Fletcher,1975-05-07,198,92,9360,25.644
2000,pp-richmond-tigers--andrew-kellaway,Andrew Kellaway,1975-11-23,190,90,9160,25.096
2000,pp-carlton-blues--andrew-mckay,Andrew McKay,1970-07-14,185,90,11118,30.46
2000,pp-richmond-tigers--darren-gaspar,Darren Gaspar,1976-05-20,192,88,8981,24.605
2000,pp-adelaide-crows--simon-goodwin,Simon Goodwin,1976-12-26,185,86,8761,24.003
2000,pp-western-bulldogs--scott-west,Scott West,1974-11-14,178,83,9534,26.121
2000,pp-carlton-blues--brett-ratten,Brett Ratten,1971-07-11,184,88,10756,29.468
2000,pp-carlton-blues--scott-camporeale,Scott Camporeale,1975-08-11,180,80,9264,25.381
2000,pp-adelaide-crows--andrew-mcleod,Andrew McLeod,1976-08-04,181,82,8905,24.397
2000,pp-kangaroos--wayne-carey,Wayne Carey,1971-05-27,192,97,10801,29.592
2000,pp-essendon-bombers--james-hird,James Hird,1973-02-04,188,90,10182,27.896
2000,pp-melbourne-demons--jeff-farmer,Jeff Farmer,1977-06-24,175,78,8581,23.51
2000,pp-essendon-bombers--matthew-lloyd,Matthew Lloyd,1978-04-16,192,93,8285,22.699
2000,pp-sydney-swans--michael-o-loughlin,Michael O'Loughlin,1977-02-20,189,90,8705,23.849
2000,pp-geelong-cats--steven-king,Steven King,1978-11-22,201,104,8065,22.096
2000,pp-carlton-blues--anthony-koutoufides,Anthony Koutoufides,1973-01-18,191,99,10199,27.942
2000,pp-collingwood-magpies--nathan-buckley,Nathan Buckley,1972-07-26,186,92,10375,28.425
2000,pp-carlton-blues--lance-whitnall,Lance Whitnall,1979-08-23,192,100,7791,21.345
2000,pp-kangaroos--brent-harvey,Brent Harvey,1978-05-14,167,75,8257,22.622
2000,pp-adelaide-crows--mark-ricciuto,Mark Ricciuto,1975-06-08,184,92,9328,25.556
2000,pp-western-bulldogs--brad-johnson,Brad Johnson,1976-07-18,182,87,8922,24.444
2001,pp-port-adelaide-power--gavin-wanganeen,Gavin Wanganeen,1973-06-16,181,83,10415,28.534
2001,pp-hawthorn-hawks--jonathan-hay,Jonathan Hay,1979-08-13,194,92,8166,22.373
2001,pp-richmond-tigers--darren-gaspar,Darren Gaspar,1976-05-20,192,88,9346,25.605
2001,pp-hawthorn-hawks--joel-smith,Joel Smith,1977-05-03,185,88,8998,24.652
2001,pp-essendon-bombers--sean-wellman,Sean Wellman,1974-09-20,193,90,9954,27.271
2001,pp-carlton-blues--andrew-mckay,Andrew McKay,1970-07-14,185,90,11483,31.46
2001,pp-brisbane-lions--jason-akermanis,Jason Akermanis,1977-02-24,177,85,9066,24.838
2001,pp-carlton-blues--brett-ratten,Brett Ratten,1971-07-11,184,88,11121,30.468
2001,pp-collingwood-magpies--nathan-buckley,Nathan Buckley,1972-07-26,186,92,10740,29.425
2001,pp-brisbane-lions--michael-voss,Michael Voss,1975-07-07,183,88,9664,26.477
2001,pp-port-adelaide-power--warren-tredrea,Warren Tredrea,1978-12-24,194,96,8398,23.008
2001,pp-essendon-bombers--james-hird,James Hird,1973-02-04,188,90,10547,28.896
2001,pp-richmond-tigers--brad-ottens,Brad Ottens,1980-01-25,202,106,8001,21.921
2001,pp-essendon-bombers--matthew-lloyd,Matthew Lloyd,1978-04-16,192,93,8650,23.699
2001,pp-west-coast-eagles--ben-cousins,Ben Cousins,1978-06-30,179,78,8575,23.493
2001,pp-port-adelaide-power--matthew-primus,Matthew Primus,1975-01-12,198,109,9840,26.959
2001,pp-brisbane-lions--simon-black,Simon Black,1979-04-03,185,81,8298,22.734
2001,pp-adelaide-crows--andrew-mcleod,Andrew McLeod,1976-08-04,181,82,9270,25.397
2001,pp-western-bulldogs--nathan-g--brown,Nathan G. Brown,1978-02-10,182,80,8715,23.877
2001,pp-adelaide-crows--simon-goodwin,Simon Goodwin,1976-12-26,185,86,9126,25.003
2001,pp-essendon-bombers--jason-johnson,Jason Johnson,1978-01-25,180,85,8731,23.921
2001,pp-brisbane-lions--nigel-lappin,Nigel Lappin,1976-06-21,188,86,9314,25.518
2002,pp-brisbane-lions--chris-johnson,Chris Johnson,1976-05-30,180,88,9701,26.578
2002,pp-fremantle-dockers--matthew-pavlich,Matthew Pavlich,1981-12-31,192,99,7660,20.986
2002,pp-kangaroos--glenn-archer,Glenn Archer,1973-03-24,182,92,10864,29.764
2002,pp-port-adelaide-power--brett-montgomery,Brett Montgomery,1973-06-01,180,83,10795,29.575
2002,pp-brisbane-lions--justin-leppitsch,Justin Leppitsch,1975-10-01,191,97,9943,27.241
2002,pp-adelaide-crows--ben-hart,Ben Hart,1974-07-09,190,83,10392,28.471
2002,pp-brisbane-lions--jason-akermanis,Jason Akermanis,1977-02-24,177,85,9431,25.838
2002,pp-brisbane-lions--simon-black,Simon Black,1979-04-03,185,81,8663,23.734
2002,pp-melbourne-demons--adem-yze,Adem Yze,1977-09-21,187,85,9222,25.266
2002,pp-brisbane-lions--michael-voss,Michael Voss,1975-07-07,183,88,10029,27.477
2002,pp-port-adelaide-power--warren-tredrea,Warren Tredrea,1978-12-24,194,96,8763,24.008
2002,pp-western-bulldogs--brad-johnson,Brad Johnson,1976-07-18,182,87,9652,26.444
2002,pp-western-bulldogs--nathan-g--brown,Nathan G. Brown,1978-02-10,182,80,9080,24.877
2002,pp-melbourne-demons--david-neitz,David Neitz,1975-01-22,191,100,10195,27.932
2002,pp-western-bulldogs--luke-darcy,Luke Darcy,1975-07-12,197,99,10024,27.463
2002,pp-port-adelaide-power--matthew-primus,Matthew Primus,1975-01-12,198,109,10205,27.959
2002,pp-port-adelaide-power--josh-francou,Josh Francou,1974-08-07,185,83,10363,28.392
2002,pp-west-coast-eagles--ben-cousins,Ben Cousins,1978-06-30,179,78,8940,24.493
2002,pp-hawthorn-hawks--shane-crawford,Shane Crawford,1974-09-09,174,80,10330,28.301
2002,pp-brisbane-lions--nigel-lappin,Nigel Lappin,1976-06-21,188,86,9679,26.518
2002,pp-adelaide-crows--mark-ricciuto,Mark Ricciuto,1975-06-08,184,92,10058,27.556
2002,pp-kangaroos--adam-simpson,Adam Simpson,1976-02-16,185,86,9805,26.863
2003,pp-port-adelaide-power--gavin-wanganeen,Gavin Wanganeen,1973-06-16,181,83,11145,30.534
2003,pp-geelong-cats--matthew-scarlett,Matthew Scarlett,1979-06-05,192,94,8965,24.562
2003,pp-hawthorn-hawks--joel-smith,Joel Smith,1977-05-03,185,88,9728,26.652
2003,pp-western-bulldogs--rohan-smith,Rohan Smith,1973-05-31,184,80,11161,30.578
2003,pp-brisbane-lions--justin-leppitsch,Justin Leppitsch,1975-10-01,191,97,10308,28.241
2003,pp-brisbane-lions--nigel-lappin,Nigel Lappin,1976-06-21,188,86,10044,27.518
2003,pp-st-kilda-saints--lenny-hayes,Lenny Hayes,1980-01-14,186,85,8742,23.951
2003,pp-brisbane-lions--michael-voss,Michael Voss,1975-07-07,183,88,10394,28.477
2003,pp-sydney-swans--paul-williams,Paul Williams,1973-04-03,177,83,11219,30.737
2003,pp-fremantle-dockers--matthew-pavlich,Matthew Pavlich,1981-12-31,192,99,8025,21.986
2003,pp-port-adelaide-power--warren-tredrea,Warren Tredrea,1978-12-24,194,96,9128,25.008
2003,pp-adelaide-crows--mark-ricciuto,Mark Ricciuto,1975-06-08,184,92,10423,28.556
2003,pp-west-coast-eagles--phillip-matera,Phillip Matera,1975-11-27,171,73,10251,28.085
2003,pp-essendon-bombers--matthew-lloyd,Matthew Lloyd,1978-04-16,192,93,9380,25.699
2003,pp-collingwood-magpies--chris-tarrant,Chris Tarrant,1980-09-18,193,94,8494,23.271
2003,pp-sydney-swans--adam-goodes,Adam Goodes,1980-01-08,191,100,8748,23.967
2003,pp-collingwood-magpies--nathan-buckley,Nathan Buckley,1972-07-26,186,92,11470,31.425
2003,pp-fremantle-dockers--peter-bell,Peter Bell,1976-03-01,175,81,10156,27.825
2003,pp-essendon-bombers--james-hird,James Hird,1973-02-04,188,90,11277,30.896
2003,pp-west-coast-eagles--michael-s--gardiner,Michael S. Gardiner,1979-07-05,199,105,8935,24.479
2003,pp-fremantle-dockers--paul-hasleby,Paul Hasleby,1981-06-12,182,87,8227,22.54
2003,pp-st-kilda-saints--robert-harvey,Robert Harvey,1971-08-21,181,86,11810,32.356
2004,pp-sydney-swans--leo-barry,Leo Barry,1977-05-19,184,89,10078,27.611
2004,pp-geelong-cats--matthew-scarlett,Matthew Scarlett,1979-06-05,192,94,9331,25.564
2004,pp-brisbane-lions--chris-johnson,Chris Johnson,1976-05-30,180,88,10432,28.581
2004,pp-st-kilda-saints--austinn-jones,Austinn Jones,1976-09-28,176,82,10311,28.249
2004,pp-port-adelaide-power--chad-cornes,Chad Cornes,1979-11-12,191,93,9171,25.126
2004,pp-essendon-bombers--adam-mcphee,Adam McPhee,1982-10-06,190,89,8112,22.225
2004,pp-west-coast-eagles--chris-judd,Chris Judd,1983-09-08,189,88,7775,21.301
2004,pp-brisbane-lions--simon-black,Simon Black,1979-04-03,185,81,9394,25.737
2004,pp-brisbane-lions--nigel-lappin,Nigel Lappin,1976-06-21,188,86,10410,28.521
2004,pp-brisbane-lions--jason-akermanis,Jason Akermanis,1977-02-24,177,85,10162,27.841
2004,pp-port-adelaide-power--warren-tredrea,Warren Tredrea,1978-12-24,194,96,9494,26.011
2004,pp-st-kilda-saints--nick-riewoldt,Nick Riewoldt,1982-10-17,193,92,8101,22.195
2004,pp-sydney-swans--barry-hall,Barry Hall,1977-02-08,194,104,10178,27.885
2004,pp-st-kilda-saints--fraser-gehrig,Fraser Gehrig,1976-03-03,195,104,10520,28.822
2004,pp-brisbane-lions--luke-power,Luke Power,1980-01-08,180,79,9114,24.97
2004,pp-melbourne-demons--jeff-white,Jeff White,1977-02-19,195,97,10167,27.855
2004,pp-adelaide-crows--mark-ricciuto,Mark Ricciuto,1975-06-08,184,92,10789,29.559
2004,pp-western-bulldogs--scott-west,Scott West,1974-11-14,178,83,10995,30.123
2004,pp-collingwood-magpies--james-clement,James Clement,1976-09-04,190,94,10335,28.315
2004,pp-west-coast-eagles--chad-fletcher,Chad Fletcher,1979-08-30,179,83,9245,25.329
2004,pp-sydney-swans--brett-kirk,Brett Kirk,1976-10-25,184,80,10284,28.175
2004,pp-carlton-blues--matthew-lappin,Matthew Lappin,1976-02-17,184,78,10535,28.863
2005,pp-west-coast-eagles--david-wirrpunda,David Wirrpanda,1979-08-03,173,80,9637,26.403
2005,pp-adelaide-crows--ben-rutten,Ben Rutten,1983-05-28,190,98,8243,22.584
2005,pp-collingwood-magpies--james-clement,James Clement,1976-09-04,190,94,10700,29.315
2005,pp-richmond-tigers--joel-bowden,Joel Bowden,1978-06-21,188,91,10045,27.521
2005,pp-hawthorn-hawks--trent-croad,Trent Croad,1980-03-09,190,92,9418,25.803
2005,pp-hawthorn-hawks--luke-hodge,Luke Hodge,1984-06-15,185,90,7859,21.532
2005,pp-st-kilda-saints--nick-dal-santo,Nick Dal Santo,1984-02-22,185,85,7973,21.844
2005,pp-western-bulldogs--scott-west,Scott West,1974-11-14,178,83,11360,31.123
2005,pp-st-kilda-saints--lenny-hayes,Lenny Hayes,1980-01-14,186,85,9473,25.953
2005,pp-adelaide-crows--mark-ricciuto,Mark Ricciuto,1975-06-08,184,92,11154,30.559
2005,pp-fremantle-dockers--matthew-pavlich,Matthew Pavlich,1981-12-31,192,99,8756,23.989
2005,pp-kangaroos--shannon-grant,Shannon Grant,1977-04-19,180,85,10473,28.693
2005,pp-western-bulldogs--brad-johnson,Brad Johnson,1976-07-18,182,87,10748,29.447
2005,pp-sydney-swans--barry-hall,Barry Hall,1977-02-08,194,104,10543,28.885
2005,pp-hawthorn-hawks--peter-everitt,Peter Everitt,1974-05-03,201,102,11555,31.658
2005,pp-west-coast-eagles--dean-cox,Dean Cox,1981-08-01,203,107,8908,24.405
2005,pp-st-kilda-saints--luke-ball,Luke Ball,1984-05-25,183,83,7880,21.589
2005,pp-west-coast-eagles--ben-cousins,Ben Cousins,1978-06-30,179,78,10036,27.496
2005,pp-sydney-swans--leo-barry,Leo Barry,1977-05-19,184,89,10443,28.611
2005,pp-port-adelaide-power--kane-cornes,Kane Cornes,1983-01-05,183,78,8386,22.975
2005,pp-adelaide-crows--simon-goodwin,Simon Goodwin,1976-12-26,185,86,10587,29.005
2005,pp-kangaroos--brent-harvey,Brent Harvey,1978-05-14,167,75,10083,27.625
2006,pp-adelaide-crows--nathan-bassett,Nathan Bassett,1976-12-07,190,88,10971,30.058
2006,pp-west-coast-eagles--darren-glass,Darren Glass,1981-05-14,192,92,9352,25.622
2006,pp-western-bulldogs--lindsay-gilbee,Lindsay Gilbee,1981-07-08,180,82,9297,25.471
2006,pp-sydney-swans--craig-bolton,Craig Bolton,1980-05-31,189,83,9700,26.575
2006,pp-richmond-tigers--joel-bowden,Joel Bowden,1978-06-21,188,91,10410,28.521
2006,pp-adelaide-crows--andrew-mcleod,Andrew McLeod,1976-08-04,181,82,11096,30.4
2006,pp-adelaide-crows--simon-goodwin,Simon Goodwin,1976-12-26,185,86,10952,30.005
2006,pp-western-bulldogs--scott-west,Scott West,1974-11-14,178,83,11725,32.123
2006,pp-sydney-swans--adam-goodes,Adam Goodes,1980-01-08,191,100,9844,26.97
2006,pp-collingwood-magpies--alan-didak,Alan Didak,1983-02-15,184,85,8710,23.863
2006,pp-sydney-swans--barry-hall,Barry Hall,1977-02-08,194,104,10908,29.885
2006,pp-sydney-swans--ryan-o-keefe,Ryan O'Keefe,1981-01-24,187,88,9462,25.923
2006,pp-western-bulldogs--brad-johnson,Brad Johnson,1976-07-18,182,87,11113,30.447
2006,pp-carlton-blues--brendan-fevola,Brendan Fevola,1981-01-20,191,100,9466,25.934
2006,pp-st-kilda-saints--nick-riewoldt,Nick Riewoldt,1982-10-17,193,92,8831,24.195
2006,pp-port-adelaide-power--brendon-lade,Brendon Lade,1976-07-10,199,102,11121,30.468
2006,pp-west-coast-eagles--chris-judd,Chris Judd,1983-09-08,189,88,8505,23.301
2006,pp-west-coast-eagles--ben-cousins,Ben Cousins,1978-06-30,179,78,10401,28.496
2006,pp-port-adelaide-power--shaun-burgoyne,Shaun Burgoyne,1982-10-21,186,89,8827,24.184
2006,pp-west-coast-eagles--dean-cox,Dean Cox,1981-08-01,203,107,9273,25.405
2006,pp-melbourne-demons--james-mcdonald,James McDonald,1976-10-05,181,75,11034,30.23
2006,pp-fremantle-dockers--matthew-pavlich,Matthew Pavlich,1981-12-31,192,99,9121,24.989
2007,pp-geelong-cats--matthew-scarlett,Matthew Scarlett,1979-06-05,192,94,10426,28.564
2007,pp-west-coast-eagles--darren-glass,Darren Glass,1981-05-14,192,92,9717,26.622
2007,pp-geelong-cats--darren-milburn,Darren Milburn,1977-04-15,189,92,11207,30.704
2007,pp-adelaide-crows--andrew-mcleod,Andrew McLeod,1976-08-04,181,82,11461,31.4
2007,pp-geelong-cats--matthew-egan,Matthew Egan,1983-07-10,196,101,8930,24.466
2007,pp-hawthorn-hawks--campbell-brown,Campbell Brown,1983-08-28,179,85,8881,24.332
2007,pp-port-adelaide-power--kane-cornes,Kane Cornes,1983-01-05,183,78,9116,24.975
2007,pp-geelong-cats--james-bartel,Jimmy Bartel,1983-12-04,187,87,8783,24.063
2007,pp-port-adelaide-power--chad-cornes,Chad Cornes,1979-11-12,191,93,10266,28.126
2007,pp-geelong-cats--steve-johnson,Steve Johnson,1983-07-04,189,95,8936,24.482
2007,pp-brisbane-lions--jonathan-brown,Jonathan Brown,1981-10-29,194,102,9549,26.162
2007,pp-kangaroos--brent-harvey,Brent Harvey,1978-05-14,167,75,10813,29.625
2007,pp-western-bulldogs--brad-johnson,Brad Johnson,1976-07-18,182,87,11478,31.447
2007,pp-fremantle-dockers--matthew-pavlich,Matthew Pavlich,1981-12-31,192,99,9486,25.989
2007,pp-geelong-cats--cameron-mooney,Cameron Mooney,1979-09-26,195,99,10313,28.255
2007,pp-west-coast-eagles--dean-cox,Dean Cox,1981-08-01,203,107,9638,26.405
2007,pp-west-coast-eagles--daniel-kerr,Daniel Kerr,1983-05-16,178,80,8985,24.616
2007,pp-geelong-cats--gary-jnr-ablett,Gary Ablett,1984-05-14,182,87,8621,23.619
2007,pp-geelong-cats--joel-corey,Joel Corey,1982-02-17,191,88,9438,25.858
2007,pp-essendon-bombers--dustin-fletcher,Dustin Fletcher,1975-05-07,198,92,11916,32.647
2007,pp-port-adelaide-power--brendon-lade,Brendon Lade,1976-07-10,199,102,11486,31.468
2007,pp-geelong-cats--cameron-ling,Cameron Ling,1981-02-27,189,92,9793,26.83
2008,pp-western-bulldogs--dale-morris,Dale Morris,1982-12-29,190,91,9489,25.997
2008,pp-geelong-cats--matthew-scarlett,Matthew Scarlett,1979-06-05,192,94,10792,29.567
2008,pp-geelong-cats--tom-harley,Tom Harley,1978-07-18,192,95,11114,30.449
2008,pp-hawthorn-hawks--luke-hodge,Luke Hodge,1984-06-15,185,90,8955,24.534
2008,pp-adelaide-crows--nathan-bock,Nathan Bock,1983-03-20,193,93,9408,25.775
2008,pp-st-kilda-saints--sam-fisher,Sam Fisher,1982-07-10,191,94,9661,26.468
2008,pp-geelong-cats--james-bartel,Jimmy Bartel,1983-12-04,187,87,9149,25.066
2008,pp-geelong-cats--joel-corey,Joel Corey,1982-02-17,191,88,9804,26.86
2008,pp-western-bulldogs--adam-cooney,Adam Cooney,1985-09-30,187,83,8483,23.241
2008,pp-geelong-cats--steve-johnson,Steve Johnson,1983-07-04,189,95,9302,25.485
2008,pp-st-kilda-saints--nick-riewoldt,Nick Riewoldt,1982-10-17,193,92,9562,26.197
2008,pp-kangaroos--brent-harvey,Brent Harvey,1978-05-14,167,75,11179,30.627
2008,pp-carlton-blues--brendan-fevola,Brendan Fevola,1981-01-20,191,100,10197,27.937
2008,pp-hawthorn-hawks--lance-franklin,Lance Franklin,1987-01-30,199,106,7996,21.907
2008,pp-collingwood-magpies--paul-medhurst,Paul Medhurst,1981-12-11,179,84,9872,27.047
2008,pp-west-coast-eagles--dean-cox,Dean Cox,1981-08-01,203,107,10004,27.408
2008,pp-carlton-blues--chris-judd,Chris Judd,1983-09-08,189,88,9236,25.304
2008,pp-geelong-cats--gary-jnr-ablett,Gary Ablett,1984-05-14,182,87,8987,24.622
2008,pp-geelong-cats--corey-enright,Corey Enright,1981-09-14,187,90,9960,27.288
2008,pp-fremantle-dockers--matthew-pavlich,Matthew Pavlich,1981-12-31,192,99,9852,26.992
2008,pp-richmond-tigers--matthew-richardson,Matthew Richardson,1975-03-19,195,104,12331,33.784
2008,pp-fremantle-dockers--aaron-sandilands,Aaron Sandilands,1982-12-06,211,118,9512,26.06
2009,pp-geelong-cats--corey-enright,Corey Enright,1981-09-14,187,90,10325,28.288
2009,pp-geelong-cats--matthew-scarlett,Matthew Scarlett,1979-06-05,192,94,11157,30.567
2009,pp-western-bulldogs--brian-harris,Brian Lake,1982-02-27,195,98,10159,27.833
2009,pp-adelaide-crows--simon-goodwin,Simon Goodwin,1976-12-26,185,86,12048,33.008
2009,pp-sydney-swans--craig-bolton,Craig Bolton,1980-05-31,189,83,10796,29.578
2009,pp-collingwood-magpies--nick-maxwell,Nick Maxwell,1983-06-03,193,93,9698,26.57
2009,pp-st-kilda-saints--leigh-montagna,Leigh Montagna,1983-11-02,178,76,9546,26.153
2009,pp-st-kilda-saints--lenny-hayes,Lenny Hayes,1980-01-14,186,85,10934,29.956
2009,pp-geelong-cats--joel-selwood,Joel Selwood,1988-05-26,183,84,7879,21.586
2009,pp-geelong-cats--paul-chapman,Paul Chapman,1981-11-05,179,87,10273,28.145
2009,pp-st-kilda-saints--nick-riewoldt,Nick Riewoldt,1982-10-17,193,92,9927,27.197
2009,pp-collingwood-magpies--dane-swan,Dane Swan,1984-02-25,185,93,9431,25.838
2009,pp-collingwood-magpies--leon-davis,Leon Davis,1981-06-17,177,80,10414,28.532
2009,pp-carlton-blues--brendan-fevola,Brendan Fevola,1981-01-20,191,100,10562,28.937
2009,pp-brisbane-lions--jonathan-brown,Jonathan Brown,1981-10-29,194,102,10280,28.164
2009,pp-fremantle-dockers--aaron-sandilands,Aaron Sandilands,1982-12-06,211,118,9877,27.06
2009,pp-carlton-blues--chris-judd,Chris Judd,1983-09-08,189,88,9601,26.304
2009,pp-geelong-cats--gary-jnr-ablett,Gary Ablett,1984-05-14,182,87,9352,25.622
2009,pp-western-bulldogs--matthew-boyd,Matthew Boyd,1982-08-27,184,88,9978,27.337
2009,pp-st-kilda-saints--nick-dal-santo,Nick Dal Santo,1984-02-22,185,85,9434,25.847
2009,pp-st-kilda-saints--brendon-goddard,Brendon Goddard,1985-05-20,193,94,8981,24.605
2009,pp-sydney-swans--adam-goodes,Adam Goodes,1980-01-08,191,100,10940,29.973
2010,pp-melbourne-demons--james-frawley,James Frawley,1988-09-20,193,96,8127,22.266
2010,pp-western-bulldogs--brian-harris,Brian Lake,1982-02-27,195,98,10524,28.833
2010,pp-geelong-cats--corey-enright,Corey Enright,1981-09-14,187,90,10690,29.288
2010,pp-st-kilda-saints--brendon-goddard,Brendon Goddard,1985-05-20,193,94,9346,25.605
2010,pp-geelong-cats--harry-taylor,Harry Taylor,1986-06-12,195,94,8958,24.542
2010,pp-collingwood-magpies--heritier-o-brien,Heritier Lumumba,1986-11-15,188,88,8802,24.115
2010,pp-st-kilda-saints--leigh-montagna,Leigh Montagna,1983-11-02,178,76,9911,27.153
2010,pp-hawthorn-hawks--luke-hodge,Luke Hodge,1984-06-15,185,90,9685,26.534
2010,pp-geelong-cats--joel-selwood,Joel Selwood,1988-05-26,183,84,8244,22.586
2010,pp-collingwood-magpies--alan-didak,Alan Didak,1983-02-15,184,85,10171,27.866
2010,pp-hawthorn-hawks--lance-franklin,Lance Franklin,1987-01-30,199,106,8726,23.907
2010,pp-geelong-cats--paul-chapman,Paul Chapman,1981-11-05,179,87,10638,29.145
2010,pp-western-bulldogs--barry-hall,Barry Hall,1977-02-08,194,104,12369,33.888
2010,pp-richmond-tigers--jack-riewoldt,Jack Riewoldt,1988-10-31,193,92,8086,22.153
2010,pp-west-coast-eagles--mark-lecras,Mark Lecras,1986-08-30,184,82,8879,24.326
2010,pp-fremantle-dockers--aaron-sandilands,Aaron Sandilands,1982-12-06,211,118,10242,28.06
2010,pp-collingwood-magpies--dane-swan,Dane Swan,1984-02-25,185,93,9796,26.838
2010,pp-geelong-cats--gary-jnr-ablett,Gary Ablett,1984-05-14,182,87,9717,26.622
2010,pp-melbourne-demons--mark-jamar,Mark Jamar,1983-08-09,198,101,9996,27.386
2010,pp-geelong-cats--steve-johnson,Steve Johnson,1983-07-04,189,95,10032,27.485
2010,pp-carlton-blues--chris-judd,Chris Judd,1983-09-08,189,88,9966,27.304
2010,pp-collingwood-magpies--scott-pendlebury,Scott Pendlebury,1988-01-07,191,86,8384,22.97
2011,pp-geelong-cats--matthew-scarlett,Matthew Scarlett,1979-06-05,192,94,11887,32.567
2011,pp-west-coast-eagles--darren-glass,Darren Glass,1981-05-14,192,92,11178,30.625
2011,pp-geelong-cats--corey-enright,Corey Enright,1981-09-14,187,90,11055,30.288
2011,pp-western-bulldogs--robert-murphy,Robert Murphy,1982-06-09,187,81,10787,29.553
2011,pp-collingwood-magpies--ben-reid,Ben Reid,1989-04-29,196,98,8271,22.66
2011,pp-collingwood-magpies--leon-davis,Leon Davis,1981-06-17,177,80,11144,30.532
2011,pp-collingwood-magpies--dale-thomas,Dale Thomas,1987-06-21,185,84,8949,24.518
2011,pp-hawthorn-hawks--sam-mitchell,Sam Mitchell,1982-10-12,180,84,10662,29.211
2011,pp-collingwood-magpies--scott-pendlebury,Scott Pendlebury,1988-01-07,191,86,8749,23.97
2011,pp-carlton-blues--marc-murphy,Marc Murphy,1987-07-19,180,80,8921,24.441
2011,pp-collingwood-magpies--travis-cloke,Travis Cloke,1987-03-05,196,105,9057,24.814
2011,pp-collingwood-magpies--dane-swan,Dane Swan,1984-02-25,185,93,10161,27.838
2011,pp-st-kilda-saints--stephen-milne,Stephen Milne,1980-03-08,176,83,11610,31.808
2011,pp-hawthorn-hawks--lance-franklin,Lance Franklin,1987-01-30,199,106,9091,24.907
2011,pp-sydney-swans--adam-goodes,Adam Goodes,1980-01-08,191,100,11670,31.973
2011,pp-west-coast-eagles--dean-cox,Dean Cox,1981-08-01,203,107,11099,30.408
2011,pp-carlton-blues--chris-judd,Chris Judd,1983-09-08,189,88,10331,28.304
2011,pp-gold-coast-suns--gary-jnr-ablett,Gary Ablett,1984-05-14,182,87,10082,27.622
2011,pp-western-bulldogs--matthew-boyd,Matthew Boyd,1982-08-27,184,88,10708,29.337
2011,pp-st-kilda-saints--nick-dal-santo,Nick Dal Santo,1984-02-22,185,85,10164,27.847
2011,pp-geelong-cats--james-kelly,James Kelly,1983-12-29,183,85,10219,27.997
2011,pp-kangaroos--drew-petrie,Drew Petrie,1982-10-15,197,101,10659,29.203
2012,pp-st-kilda-saints--sean-dempster,Sean Dempster,1984-01-20,191,87,10563,28.94
2012,pp-fremantle-dockers--luke-mcpharlin,Luke McPharlin,1981-12-01,192,91,11343,31.077
2012,pp-west-coast-eagles--darren-glass,Darren Glass,1981-05-14,192,92,11544,31.627
2012,pp-west-coast-eagles--beau-waters,Beau Waters,1986-03-30,188,88,9763,26.748
2012,pp-sydney-swans--ted-richards,Ted Richards,1983-01-11,193,92,10937,29.964
2012,pp-hawthorn-hawks--grant-birchall,Grant Birchall,1988-01-28,193,89,9094,24.915
2012,pp-richmond-tigers--trent-cotchin,Trent Cotchin,1990-04-07,185,86,8294,22.723
2012,pp-essendon-bombers--jobe-watson,Jobe Watson,1985-02-08,191,93,10178,27.885
2012,pp-collingwood-magpies--dayne-beams,Dayne Beams,1990-02-12,187,88,8348,22.871
2012,pp-adelaide-crows--patrick-dangerfield,Patrick Dangerfield,1990-04-05,189,97,8296,22.729
2012,pp-hawthorn-hawks--lance-franklin,Lance Franklin,1987-01-30,199,106,9457,25.91
2012,pp-hawthorn-hawks--cyril-rioli,Cyril Rioli,1989-07-14,177,80,8561,23.455
2012,pp-st-kilda-saints--stephen-milne,Stephen Milne,1980-03-08,176,83,11976,32.811
2012,pp-geelong-cats--tom-hawkins,Tom Hawkins,1988-07-21,198,104,8919,24.436
2012,pp-west-coast-eagles--dean-cox,Dean Cox,1981-08-01,203,107,11465,31.411
2012,pp-west-coast-eagles--nicholas-naitanui,Nicholas Naitanui,1990-05-04,202,112,8267,22.649
2012,pp-adelaide-crows--scott-thompson,Scott Thompson,1983-03-14,185,86,10875,29.795
2012,pp-gold-coast-suns--gary-jnr-ablett,Gary Ablett,1984-05-14,182,87,10448,28.625
2012,pp-richmond-tigers--brett-deledio,Brett Deledio,1987-04-18,188,88,9379,25.696
2012,pp-sydney-swans--josh-p--kennedy,Josh P. Kennedy,1988-06-20,188,96,8950,24.521
2012,pp-collingwood-magpies--scott-pendlebury,Scott Pendlebury,1988-01-07,191,86,9115,24.973
2012,pp-collingwood-magpies--dane-swan,Dane Swan,1984-02-25,185,93,10527,28.841
2013,pp-geelong-cats--corey-enright,Corey Enright,1981-09-14,187,90,11786,32.29
2013,pp-kangaroos--scott-thompson-1,Scott Thompson,1986-05-09,193,96,10088,27.638
2013,pp-fremantle-dockers--michael-johnson,Michael Johnson,1984-10-20,195,92,10654,29.189
2013,pp-sydney-swans--jarrad-mcveigh,Jarrad McVeigh,1985-04-07,184,84,10485,28.726
2013,pp-geelong-cats--harry-taylor,Harry Taylor,1986-06-12,195,94,10054,27.545
2013,pp-hawthorn-hawks--sam-mitchell,Sam Mitchell,1982-10-12,180,84,11393,31.214
2013,pp-western-bulldogs--ryan-griffen,Ryan Griffen,1986-07-27,192,88,10009,27.422
2013,pp-geelong-cats--joel-selwood,Joel Selwood,1988-05-26,183,84,9340,25.589
2013,pp-collingwood-magpies--scott-pendlebury,Scott Pendlebury,1988-01-07,191,86,9480,25.973
2013,pp-adelaide-crows--patrick-dangerfield,Patrick Dangerfield,1990-04-05,189,97,8661,23.729
2013,pp-collingwood-magpies--travis-cloke,Travis Cloke,1987-03-05,196,105,9788,26.816
2013,pp-sydney-swans--kieran-jack,Kieren Jack,1987-06-28,178,81,9673,26.501
2013,pp-hawthorn-hawks--jarryd-roughead,Jarryd Roughead,1987-01-23,193,98,9829,26.929
2013,pp-greater-western-sydney-giants--jeremy-cameron,Jeremy Cameron,1993-04-01,196,94,7569,20.737
2013,pp-port-adelaide-power--chad-wingard,Chad Wingard,1993-07-29,183,82,7450,20.411
2013,pp-western-bulldogs--will-minson,Will Minson,1985-04-11,199,106,10481,28.715
2013,pp-collingwood-magpies--dane-swan,Dane Swan,1984-02-25,185,93,10892,29.841
2013,pp-gold-coast-suns--gary-jnr-ablett,Gary Ablett,1984-05-14,182,87,10813,29.625
2013,pp-port-adelaide-power--travis-boak,Travis Boak,1988-08-01,183,85,9273,25.405
2013,pp-sydney-swans--daniel-hannebery,Daniel Hannebery,1991-02-24,181,81,8336,22.838
2013,pp-essendon-bombers--jobe-watson,Jobe Watson,1985-02-08,191,93,10543,28.885
2013,pp-geelong-cats--andrew-mackie,Andrew Mackie,1984-08-07,193,82,10728,29.392
2014,pp-essendon-bombers--cale-hooker,Cale Hooker,1988-10-13,198,103,9565,26.205
2014,pp-adelaide-crows--daniel-talia,Daniel Talia,1991-10-02,197,98,8481,23.236
2014,pp-sydney-swans--nick-smith-1,Nick Smith,1988-06-12,183,83,9688,26.542
2014,pp-sydney-swans--nick-malceski,Nick Malceski,1984-08-15,189,86,11085,30.37
2014,pp-richmond-tigers--alex-rance,Alex Rance,1989-10-09,194,95,9204,25.216
2014,pp-adelaide-crows--brodie-smith,Brodie Smith,1992-01-14,189,88,8377,22.951
2014,pp-fremantle-dockers--nathan-fyfe,Nathan Fyfe,1991-09-18,191,94,8495,23.274
2014,pp-sydney-swans--josh-p--kennedy,Josh P. Kennedy,1988-06-20,188,96,9680,26.521
2014,pp-essendon-bombers--dyson-heppell,Dyson Heppell,1992-05-14,189,87,8256,22.619
2014,pp-port-adelaide-power--robert-gray,Robbie Gray,1988-03-30,183,84,9762,26.745
2014,pp-st-kilda-saints--nick-riewoldt,Nick Riewoldt,1982-10-17,193,92,11753,32.2
2014,pp-hawthorn-hawks--luke-breust,Luke Breust,1990-11-11,184,83,8806,24.126
2014,pp-fremantle-dockers--hayden-ballantyne,Hayden Ballantyne,1987-07-16,173,79,10020,27.452
2014,pp-sydney-swans--lance-franklin,Lance Franklin,1987-01-30,199,106,10187,27.91
2014,pp-hawthorn-hawks--jarryd-roughead,Jarryd Roughead,1987-01-23,193,98,10194,27.929
2014,pp-fremantle-dockers--aaron-sandilands,Aaron Sandilands,1982-12-06,211,118,11703,32.063
2014,pp-geelong-cats--joel-selwood,Joel Selwood,1988-05-26,183,84,9705,26.589
2014,pp-gold-coast-suns--gary-jnr-ablett,Gary Ablett,1984-05-14,182,87,11178,30.625
2014,pp-hawthorn-hawks--jordan-lewis,Jordan Lewis,1986-04-24,186,86,10468,28.679
2014,pp-collingwood-magpies--scott-pendlebury,Scott Pendlebury,1988-01-07,191,86,9845,26.973
2014,pp-port-adelaide-power--travis-boak,Travis Boak,1988-08-01,183,85,9638,26.405
2014,pp-brisbane-lions--tom-rockliff,Tom Rockliff,1990-02-22,185,85,9068,24.844
2015,pp-hawthorn-hawks--joshua-gibson,Josh Gibson,1984-03-13,189,93,11605,31.795
2015,pp-richmond-tigers--alex-rance,Alex Rance,1989-10-09,194,95,9569,26.216
2015,pp-greater-western-sydney-giants--heath-shaw,Heath Shaw,1985-11-27,183,86,10981,30.085
2015,pp-western-bulldogs--easton-wood,Easton Wood,1989-09-04,187,86,9604,26.312
2015,pp-essendon-bombers--michael-hurley,Michael Hurley,1990-06-01,193,94,9334,25.573
2015,pp-western-bulldogs--robert-murphy,Robert Murphy,1982-06-09,187,81,12248,33.556
2015,pp-sydney-swans--daniel-hannebery,Daniel Hannebery,1991-02-24,181,81,9066,24.838
2015,pp-west-coast-eagles--matthew-priddis,Matthew Priddis,1985-03-21,184,90,11232,30.773
2015,pp-west-coast-eagles--andrew-gaff,Andrew Gaff,1992-06-16,183,85,8588,23.529
2015,pp-port-adelaide-power--chad-wingard,Chad Wingard,1993-07-29,183,82,8180,22.411
2015,pp-richmond-tigers--jack-riewoldt,Jack Riewoldt,1988-10-31,193,92,9912,27.156
2015,pp-hawthorn-hawks--cyril-rioli,Cyril Rioli,1989-07-14,177,80,9656,26.455
2015,pp-adelaide-crows--edward-betts,Eddie Betts,1986-11-26,174,74,10617,29.088
2015,pp-west-coast-eagles--joshua-kennedy,Joshua Kennedy,1987-08-25,196,102,10345,28.342
2015,pp-western-bulldogs--jake-stringer,Jake Stringer,1994-04-25,192,90,7910,21.671
2015,pp-kangaroos--todd-goldstein,Todd Goldstein,1988-07-01,201,103,10034,27.49
2015,pp-fremantle-dockers--nathan-fyfe,Nathan Fyfe,1991-09-18,191,94,8860,24.274
2015,pp-adelaide-crows--patrick-dangerfield,Patrick Dangerfield,1990-04-05,189,97,9391,25.729
2015,pp-richmond-tigers--brett-deledio,Brett Deledio,1987-04-18,188,88,10474,28.696
2015,pp-port-adelaide-power--robert-gray,Robbie Gray,1988-03-30,183,84,10127,27.745
2015,pp-hawthorn-hawks--sam-mitchell,Sam Mitchell,1982-10-12,180,84,12123,33.214
2015,pp-fremantle-dockers--david-mundy,David Mundy,1985-07-20,192,92,11111,30.441
2016,pp-sydney-swans--dane-rampe,Dane Rampe,1990-06-02,188,91,9699,26.573
2016,pp-richmond-tigers--alex-rance,Alex Rance,1989-10-09,194,95,9935,27.219
2016,pp-west-coast-eagles--jeremy-mcgovern,Jeremy McGovern,1992-04-15,197,99,9016,24.701
2016,pp-greater-western-sydney-giants--heath-shaw,Heath Shaw,1985-11-27,183,86,11347,31.088
2016,pp-adelaide-crows--daniel-talia,Daniel Talia,1991-10-02,197,98,9212,25.238
2016,pp-geelong-cats--corey-enright,Corey Enright,1981-09-14,187,90,12882,35.293
2016,pp-sydney-swans--daniel-hannebery,Daniel Hannebery,1991-02-24,181,81,9432,25.841
2016,pp-sydney-swans--josh-p--kennedy,Josh P. Kennedy,1988-06-20,188,96,10411,28.523
2016,pp-adelaide-crows--rory-sloane,Rory Sloane,1990-03-17,183,82,9776,26.784
2016,pp-greater-western-sydney-giants--toby-greene,Toby Greene,1993-09-25,182,84,8488,23.255
2016,pp-sydney-swans--lance-franklin,Lance Franklin,1987-01-30,199,106,10918,29.912
2016,pp-hawthorn-hawks--cyril-rioli,Cyril Rioli,1989-07-14,177,80,10022,27.458
2016,pp-adelaide-crows--edward-betts,Eddie Betts,1986-11-26,174,74,10983,30.09
2016,pp-west-coast-eagles--joshua-kennedy,Joshua Kennedy,1987-08-25,196,102,10711,29.345
2016,pp-gold-coast-suns--thomas-lynch,Tom Lynch,1992-10-31,199,99,8817,24.156
2016,pp-melbourne-demons--max-gawn,Max Gawn,1991-12-30,209,111,9123,24.995
2016,pp-geelong-cats--patrick-dangerfield,Patrick Dangerfield,1990-04-05,189,97,9757,26.732
2016,pp-geelong-cats--joel-selwood,Joel Selwood,1988-05-26,183,84,10436,28.592
2016,pp-western-bulldogs--marcus-bontempelli,Marcus Bontempelli,1995-11-24,193,93,7698,21.09
2016,pp-sydney-swans--luke-parker,Luke Parker,1992-10-25,183,88,8823,24.173
2016,pp-richmond-tigers--dustin-martin,Dustin Martin,1991-06-26,187,92,9310,25.507
2016,pp-western-bulldogs--matthew-boyd,Matthew Boyd,1982-08-27,184,88,12535,34.342
2017,pp-melbourne-demons--michael-hibberd,Michael Hibberd,1990-01-03,186,94,10214,27.984
2017,pp-richmond-tigers--alex-rance,Alex Rance,1989-10-09,194,95,10300,28.219
2017,pp-west-coast-eagles--jeremy-mcgovern,Jeremy McGovern,1992-04-15,197,99,9381,25.701
2017,pp-adelaide-crows--rory-laird,Rory Laird,1993-12-29,178,78,8758,23.995
2017,pp-essendon-bombers--michael-hurley,Michael Hurley,1990-06-01,193,94,10065,27.575
2017,pp-carlton-blues--sam-docherty,Sam Docherty,1993-10-17,185,86,8831,24.195
2017,pp-greater-western-sydney-giants--joshua-kelly,Joshua Kelly,1995-02-12,182,83,8348,22.871
2017,pp-richmond-tigers--dustin-martin,Dustin Martin,1991-06-26,187,92,9675,26.507
2017,pp-essendon-bombers--zachary-merrett,Zachary Merrett,1995-10-03,179,85,8115,22.233
2017,pp-port-adelaide-power--robert-gray,Robbie Gray,1988-03-30,183,84,10858,29.748
2017,pp-sydney-swans--lance-franklin,Lance Franklin,1987-01-30,199,106,11283,30.912
2017,pp-brisbane-lions--dayne-zorko,Dayne Zorko,1989-02-09,175,82,10542,28.882
2017,pp-essendon-bombers--joe-daniher,Joe Daniher,1994-03-04,201,97,8693,23.816
2017,pp-west-coast-eagles--joshua-kennedy,Joshua Kennedy,1987-08-25,196,102,11076,30.345
2017,pp-adelaide-crows--edward-betts,Eddie Betts,1986-11-26,174,74,11348,31.09
2017,pp-port-adelaide-power--patrick-ryder,Patrick Ryder,1988-03-14,197,95,10874,29.792
2017,pp-geelong-cats--patrick-dangerfield,Patrick Dangerfield,1990-04-05,189,97,10122,27.732
2017,pp-hawthorn-hawks--tom-mitchell,Tom Mitchell,1993-05-31,182,83,8970,24.575
2017,pp-adelaide-crows--matt-crouch,Matt Crouch,1995-04-21,182,80,8280,22.685
2017,pp-west-coast-eagles--elliot-yeo,Elliot Yeo,1993-10-01,190,91,8847,24.238
2017,pp-geelong-cats--joel-selwood,Joel Selwood,1988-05-26,183,84,10801,29.592
2017,pp-greater-western-sydney-giants--dylan-shiel,Dylan Shiel,1993-03-09,182,84,9053,24.803
2018,pp-geelong-cats--thomas-stewart,Thomas Stewart,1993-03-15,190,88,9412,25.786
2018,pp-richmond-tigers--alex-rance,Alex Rance,1989-10-09,194,95,10665,29.219
2018,pp-adelaide-crows--rory-laird,Rory Laird,1993-12-29,178,78,9123,24.995
2018,pp-west-coast-eagles--shannon-hurn,Shannon Hurn,1987-09-04,187,95,11431,31.318
2018,pp-west-coast-eagles--jeremy-mcgovern,Jeremy McGovern,1992-04-15,197,99,9746,26.701
2018,pp-greater-western-sydney-giants--lachie-whitfield,Lachie Whitfield,1994-07-18,185,83,8922,24.444
2018,pp-west-coast-eagles--andrew-gaff,Andrew Gaff,1992-06-16,183,85,9684,26.532
2018,pp-richmond-tigers--dustin-martin,Dustin Martin,1991-06-26,187,92,10040,27.507
2018,pp-collingwood-magpies--steele-sidebottom,Steele Sidebottom,1991-01-02,184,84,10215,27.986
2018,pp-geelong-cats--patrick-dangerfield,Patrick Dangerfield,1990-04-05,189,97,10487,28.732
2018,pp-sydney-swans--lance-franklin,Lance Franklin,1987-01-30,199,106,11648,31.912
2018,pp-port-adelaide-power--robert-gray,Robbie Gray,1988-03-30,183,84,11223,30.748
2018,pp-hawthorn-hawks--jack-gunston,Jack Gunston,1991-10-16,193,86,9928,27.2
2018,pp-richmond-tigers--jack-riewoldt,Jack Riewoldt,1988-10-31,193,92,11008,30.159
2018,pp-hawthorn-hawks--luke-breust,Luke Breust,1990-11-11,184,83,10267,28.129
2018,pp-melbourne-demons--max-gawn,Max Gawn,1991-12-30,209,111,9853,26.995
2018,pp-carlton-blues--patrick-cripps,Patrick Cripps,1995-03-18,195,93,8679,23.778
2018,pp-hawthorn-hawks--tom-mitchell,Tom Mitchell,1993-05-31,182,83,9335,25.575
2018,pp-collingwood-magpies--brodie-grundy,Brodie Grundy,1994-04-15,203,104,9016,24.701
2018,pp-melbourne-demons--clayton-oliver,Clayton Oliver,1997-07-22,189,87,7822,21.43
2018,pp-kangaroos--shaun-higgins,Shaun Higgins,1988-03-04,184,89,11249,30.819
2018,pp-richmond-tigers--shane-edwards,Shane Edwards,1988-10-25,182,78,11014,30.175
2019,pp-geelong-cats--thomas-stewart,Thomas Stewart,1993-03-15,190,88,9777,26.786
2019,pp-brisbane-lions--harris-andrews,Harris Andrews,1996-12-11,202,100,8410,23.041
2019,pp-richmond-tigers--dylan-grimes,Dylan Grimes,1991-07-16,194,91,10385,28.452
2019,pp-richmond-tigers--bachar-houli,Bachar Houli,1988-05-12,180,83,11545,31.63
2019,pp-west-coast-eagles--jeremy-mcgovern,Jeremy McGovern,1992-04-15,197,99,10111,27.701
2019,pp-west-coast-eagles--shannon-hurn,Shannon Hurn,1987-09-04,187,95,11796,32.318
2019,pp-western-bulldogs--marcus-bontempelli,Marcus Bontempelli,1995-11-24,193,93,8793,24.09
2019,pp-carlton-blues--patrick-cripps,Patrick Cripps,1995-03-18,195,93,9044,24.778
2019,pp-geelong-cats--tim-kelly,Tim Kelly,1994-07-26,183,85,9279,25.422
2019,pp-geelong-cats--patrick-dangerfield,Patrick Dangerfield,1990-04-05,189,97,10852,29.732
2019,pp-greater-western-sydney-giants--jeremy-cameron,Jeremy Cameron,1993-04-01,196,94,9760,26.74
2019,pp-fremantle-dockers--michael-walters,Michael Walters,1991-01-07,176,79,10575,28.973
2019,pp-west-coast-eagles--jack-darling,Jack Darling,1992-06-13,191,95,10052,27.54
2019,pp-geelong-cats--tom-hawkins,Tom Hawkins,1988-07-21,198,104,11475,31.438
2019,pp-brisbane-lions--charlie-cameron,Charlie Cameron,1994-07-05,180,76,9300,25.479
2019,pp-collingwood-magpies--brodie-grundy,Brodie Grundy,1994-04-15,203,104,9381,25.701
2019,pp-fremantle-dockers--nathan-fyfe,Nathan Fyfe,1991-09-18,191,94,10321,28.277
2019,pp-brisbane-lions--lachie-neale,Lachie Neale,1993-05-24,178,84,9707,26.595
2019,pp-collingwood-magpies--scott-pendlebury,Scott Pendlebury,1988-01-07,191,86,11671,31.975
2019,pp-west-coast-eagles--elliot-yeo,Elliot Yeo,1993-10-01,190,91,9577,26.238
2019,pp-melbourne-demons--max-gawn,Max Gawn,1991-12-30,209,111,10218,27.995
2019,pp-western-bulldogs--jackson-macrae,Jackson Macrae,1994-08-03,192,88,9271,25.4
2020,pp-west-coast-eagles--bradley-sheppard,Bradley Sheppard,1991-05-23,187,85,10805,29.603
2020,pp-brisbane-lions--harris-andrews,Harris Andrews,1996-12-11,202,100,8776,24.044
2020,pp-fremantle-dockers--luke-ryan,Luke Ryan,1996-02-06,186,92,9085,24.89
2020,pp-greater-western-sydney-giants--nick-haynes,Nick Haynes,1992-05-18,193,90,10444,28.614
2020,pp-collingwood-magpies--darcy-moore,Darcy Moore,1996-01-25,203,100,9097,24.923
2020,pp-port-adelaide-power--darcy-byrne-jones,Darcy Byrne-Jones,1995-09-20,181,76,9224,25.271
2020,pp-western-bulldogs--jackson-macrae,Jackson Macrae,1994-08-03,192,88,9637,26.403
2020,pp-port-adelaide-power--travis-boak,Travis Boak,1988-08-01,183,85,11830,32.411
2020,pp-geelong-cats--cameron-guthrie,Cameron Guthrie,1992-08-19,187,88,10351,28.359
2020,pp-geelong-cats--patrick-dangerfield,Patrick Dangerfield,1990-04-05,189,97,11218,30.734
2020,pp-port-adelaide-power--charlie-dixon,Charlie Dixon,1990-09-23,200,107,11047,30.266
2020,pp-western-bulldogs--marcus-bontempelli,Marcus Bontempelli,1995-11-24,193,93,9159,25.093
2020,pp-west-coast-eagles--liam-ryan,Liam Ryan,1996-10-02,180,76,8846,24.236
2020,pp-geelong-cats--tom-hawkins,Tom Hawkins,1988-07-21,198,104,11841,32.441
2020,pp-richmond-tigers--dustin-martin,Dustin Martin,1991-06-26,187,92,10771,29.51
2020,pp-west-coast-eagles--nicholas-naitanui,Nicholas Naitanui,1990-05-04,202,112,11189,30.655
2020,pp-melbourne-demons--christian-petracca,Christian Petracca,1996-01-04,187,98,9118,24.981
2020,pp-brisbane-lions--lachie-neale,Lachie Neale,1993-05-24,178,84,10073,27.597
2020,pp-st-kilda-saints--jack-steele,Jack Steele,1995-12-13,187,88,9140,25.041
2020,pp-collingwood-magpies--taylor-adams,Taylor Adams,1993-09-20,181,84,9954,27.271
2020,pp-western-bulldogs--caleb-daniel,Caleb Daniel,1996-07-07,170,71,8933,24.474
2020,pp-melbourne-demons--max-gawn,Max Gawn,1991-12-30,209,111,10584,28.997
2021,pp-melbourne-demons--jake-lever,Jake Lever,1996-03-05,195,92,9422,25.814
2021,pp-melbourne-demons--steven-may,Steven May,1992-01-10,193,101,10938,29.967
2021,pp-geelong-cats--thomas-stewart,Thomas Stewart,1993-03-15,190,88,10508,28.789
2021,pp-brisbane-lions--daniel-rich,Daniel Rich,1990-06-07,183,95,11520,31.562
2021,pp-port-adelaide-power--aliir-aliir,Aliir Aliir,1994-09-05,194,96,9969,27.312
2021,pp-western-bulldogs--bailey-dale,Bailey Dale,1996-07-22,187,83,9283,25.433
2021,pp-essendon-bombers--zachary-merrett,Zachary Merrett,1995-10-03,179,85,9576,26.236
2021,pp-port-adelaide-power--oliver-wines,Oliver Wines,1994-10-07,187,98,9937,27.225
2021,pp-carlton-blues--sam-walsh,Sam Walsh,2000-07-02,184,84,7842,21.485
2021,pp-western-bulldogs--marcus-bontempelli,Marcus Bontempelli,1995-11-24,193,93,9524,26.093
2021,pp-geelong-cats--tom-hawkins,Tom Hawkins,1988-07-21,198,104,12206,33.441
2021,pp-melbourne-demons--christian-petracca,Christian Petracca,1996-01-04,187,98,9483,25.981
2021,pp-greater-western-sydney-giants--toby-greene,Toby Greene,1993-09-25,182,84,10314,28.258
2021,pp-carlton-blues--harry-mckay,Harry McKay,1997-12-24,204,104,8763,24.008
2021,pp-sydney-swans--tom-papley,Tom Papley,1996-07-13,177,80,9292,25.458
2021,pp-melbourne-demons--max-gawn,Max Gawn,1991-12-30,209,111,10949,29.997
2021,pp-western-bulldogs--jackson-macrae,Jackson Macrae,1994-08-03,192,88,10002,27.403
2021,pp-melbourne-demons--clayton-oliver,Clayton Oliver,1997-07-22,189,87,8918,24.433
2021,pp-essendon-bombers--darcy-parish,Darcy Parish,1997-07-25,180,82,8915,24.425
2021,pp-west-coast-eagles--nicholas-naitanui,Nicholas Naitanui,1990-05-04,202,112,11554,31.655
2021,pp-gold-coast-suns--touk-miller,Touk Miller,1996-02-22,178,84,9434,25.847
2021,pp-st-kilda-saints--jack-steele,Jack Steele,1995-12-13,187,88,9505,26.041
2022,pp-geelong-cats--thomas-stewart,Thomas Stewart,1993-03-15,190,88,10873,29.789
2022,pp-melbourne-demons--steven-may,Steven May,1992-01-10,193,101,11303,30.967
2022,pp-collingwood-magpies--brayden-maynard,Brayden Maynard,1996-09-20,189,93,9588,26.268
2022,pp-st-kilda-saints--jack-sinclair,Jack Sinclair,1995-02-12,181,82,10174,27.874
2022,pp-greater-western-sydney-giants--sam-taylor,Sam Taylor,1999-05-05,196,95,8631,23.647
2022,pp-carlton-blues--adam-saad,Adam Saad,1994-07-23,178,77,10378,28.433
2022,pp-gold-coast-suns--touk-miller,Touk Miller,1996-02-22,178,84,9799,26.847
2022,pp-melbourne-demons--clayton-oliver,Clayton Oliver,1997-07-22,189,87,9283,25.433
2022,pp-sydney-swans--callum-mills,Callum Mills,1997-04-02,187,87,9394,25.737
2022,pp-melbourne-demons--christian-petracca,Christian Petracca,1996-01-04,187,98,9848,26.981
2022,pp-geelong-cats--jeremy-cameron,Jeremy Cameron,1993-04-01,196,94,10856,29.742
2022,pp-richmond-tigers--shai-bolton,Shai Bolton,1998-12-08,175,77,8779,24.052
2022,pp-carlton-blues--charlie-curnow,Charlie Curnow,1997-02-03,192,92,9452,25.896
2022,pp-geelong-cats--tom-hawkins,Tom Hawkins,1988-07-21,198,104,12571,34.441
2022,pp-geelong-cats--tyson-stengle,Tyson Stengle,1998-10-19,175,73,8829,24.189
2022,pp-melbourne-demons--max-gawn,Max Gawn,1991-12-30,209,111,11314,30.997
2022,pp-carlton-blues--patrick-cripps,Patrick Cripps,1995-03-18,195,93,10140,27.781
2022,pp-brisbane-lions--lachie-neale,Lachie Neale,1993-05-24,178,84,10803,29.597
2022,pp-geelong-cats--mark-blicavs,Mark Blicavs,1991-03-28,198,101,11591,31.756
2022,pp-fremantle-dockers--andrew-brayshaw,Andrew Brayshaw,1999-11-08,185,86,8444,23.134
2022,pp-sydney-swans--isaac-heeney,Isaac Heeney,1996-05-05,185,87,9726,26.647
2022,pp-port-adelaide-power--connor-rozee,Connor Rozee,2000-01-22,185,80,8369,22.929
2023,pp-hawthorn-hawks--james-sicily,James Sicily,1995-01-06,187,87,10586,29.003
2023,pp-st-kilda-saints--callum-wilkie,Callum Wilkie,1996-03-10,191,87,10157,27.827
2023,pp-geelong-cats--thomas-stewart,Thomas Stewart,1993-03-15,190,88,11248,30.816
2023,pp-st-kilda-saints--jack-sinclair,Jack Sinclair,1995-02-12,181,82,10549,28.901
2023,pp-collingwood-magpies--darcy-moore,Darcy Moore,1996-01-25,203,100,10202,27.951
2023,pp-port-adelaide-power--dan-houston,Dan Houston,1997-05-12,186,88,9729,26.655
2023,pp-sydney-swans--errol-gulden,Errol Gulden,2002-07-18,176,78,7836,21.468
2023,pp-western-bulldogs--marcus-bontempelli,Marcus Bontempelli,1995-11-24,193,93,10264,28.121
2023,pp-collingwood-magpies--josh-daicos,Josh Daicos,1998-11-26,178,78,9166,25.112
2023,pp-port-adelaide-power--connor-rozee,Connor Rozee,2000-01-22,185,80,8744,23.956
2023,pp-adelaide-crows--taylor-walker,Taylor Walker,1990-04-25,194,102,12303,33.707
2023,pp-melbourne-demons--christian-petracca,Christian Petracca,1996-01-04,187,98,10223,28.008
2023,pp-brisbane-lions--charlie-cameron,Charlie Cameron,1994-07-05,180,76,10771,29.51
2023,pp-carlton-blues--charlie-curnow,Charlie Curnow,1997-02-03,192,92,9827,26.923
2023,pp-greater-western-sydney-giants--toby-greene,Toby Greene,1993-09-25,182,84,11054,30.285
2023,pp-western-bulldogs--timothy-english,Timothy English,1997-08-10,207,103,9639,26.408
2023,pp-port-adelaide-power--zak-butters,Zak Butters,2000-09-08,181,78,8514,23.326
2023,pp-collingwood-magpies--nick-daicos,Nick Daicos,2003-01-03,184,73,7667,21.005
2023,pp-adelaide-crows--jordan-dawson,Jordan Dawson,1997-04-09,192,86,9762,26.745
2023,pp-kangaroos--nick-larkey,Nick Larkey,1998-06-06,198,95,9339,25.586
2023,pp-essendon-bombers--zachary-merrett,Zach Merrett,1995-10-03,179,85,10316,28.263
2023,pp-fremantle-dockers--caleb-serong,Caleb Serong,2001-02-09,179,83,8360,22.904
