name,href,dob,height,weight,position,draft,sc
"Aarts, Jake",pp-richmond-tigers--jake-aarts,1994-12-08,177,75,Forward,16,123900
"Abbott, Ryan",pp-st-kilda-saints--ryan-abbott,1991-06-25,200,100,Ruck,69,250900
"Ablett, Gary",pp-geelong-cats--gary-jnr-ablett,1984-05-14,182,87,Forward,40,519500
"Acres, Blake",pp-fremantle-dockers--blake-acres,1995-10-07,191,90,"Midfield, Forward",19,384400
"Adams, Marcus",pp-brisbane-lions--marcus-adams,1993-06-30,192,93,Defender,35,316300
"Adams, Taylor",pp-collingwood-magpies--taylor-adams,1993-09-20,181,83,Midfield,13,525100
"Ah Chee, Brendon",pp-west-coast-eagles--brendon-ah-chee,1993-12-21,189,88,Midfield,33,266100
"Ah Chee, Callum",pp-brisbane-lions--callum-ah-chee,1997-10-09,182,78,Midfield,8,311700
"Ahern, Paul",pp-kangaroos--paul-ahern,1996-08-01,183,85,"Defender, Midfield",7,337900
"Ainsworth, Ben",pp-gold-coast-suns--ben-ainsworth,1998-02-10,178,77,"Midfield, Forward",4,329000
"Ainsworth, Brayden",pp-west-coast-eagles--brayden-ainsworth,1998-11-21,184,80,Midfield,32,205300
"Aish, James",pp-fremantle-dockers--james-aish,1995-11-08,183,80,Defender,7,353000
"Alabakis, Sam",pp-st-kilda-saints--sam-alabakis,1997-05-02,211,105,Ruck,NA,123900
"Aliir, Aliir",pp-sydney-swans--aliir-aliir,1994-09-05,195,97,Defender,44,421100
"Allen, Oscar",pp-west-coast-eagles--oscar-allen,1999-03-19,192,87,Forward,21,357900
"Allison, Jacob",pp-brisbane-lions--jacob-allison,1998-04-16,195,87,Midfield,21,176800
"Amartey, Joel",pp-sydney-swans--joel-amartey,1999-09-02,197,96,Ruck,28,123900
"Ambrose, Patrick",pp-essendon-bombers--patrick-ambrose,1991-09-01,191,92,Defender,26,275200
"Amon, Karl",pp-port-adelaide-power--karl-amon,1995-08-19,181,71,Midfield,68,418500
"Anderson, Jed",pp-kangaroos--jed-anderson,1994-02-02,179,81,Midfield,NA,470200
"Anderson, Noah",pp-gold-coast-suns--noah-anderson,2001-02-17,188,86,Midfield,2,202800
"Andrews, Harris",pp-brisbane-lions--harris-andrews,1996-12-11,201,100,Defender,61,449300
"Answerth, Noah",pp-brisbane-lions--noah-answerth,1999-08-06,182,82,Defender,55,336700
"Appleby, Flynn",pp-collingwood-magpies--flynn-appleby,1999-01-21,187,86,Defender,6,222900
"Ash, Lachlan",pp-greater-western-sydney-giants--lachlan-ash,2001-06-21,186,80,"Defender, Midfield",4,193800
"Astbury, David",pp-richmond-tigers--david-astbury,1991-02-26,195,96,Defender,35,363800
"Atkins, Rory",pp-adelaide-crows--rory-atkins,1994-07-12,186,85,Midfield,81,410000
"Atkins, Tom",pp-geelong-cats--tom-atkins,1995-09-18,180,86,Forward,11,327200
"Atley, Joe",pp-port-adelaide-power--joe-atley,1998-08-04,186,84,Midfield,32,215000
"Atley, Shaun",pp-kangaroos--shaun-atley,1992-09-13,189,86,Defender,17,403700
"Austin, Logan",pp-st-kilda-saints--logan-austin,1995-07-08,196,92,Defender,69,320900
"Bailey, Zac",pp-brisbane-lions--zac-bailey,1999-09-23,182,83,"Defender, Midfield",15,263200
"Baker, Liam",pp-richmond-tigers--liam-baker,1998-01-27,173,72,"Defender, Forward",18,403900
"Baker, Oskar",pp-melbourne-demons--oskar-baker,1998-05-25,184,82,Midfield,48,261900
"Ballard, Charlie",pp-gold-coast-suns--charlie-ballard,1999-07-23,195,91,Defender,42,325800
"Ballenden, Connor",pp-brisbane-lions--connor-ballenden,1999-03-29,200,101,Forward,43,123900
"Balta, Noah",pp-richmond-tigers--noah-balta,1999-10-23,194,100,"Forward, Ruck",25,257700
"Banfield, Bailey",pp-fremantle-dockers--bailey-banfield,1998-02-26,190,92,Forward,5,266700
"Barrass, Tom",pp-west-coast-eagles--tom-barrass,1995-10-08,196,96,Defender,43,424500
"Battle, Josh",pp-st-kilda-saints--josh-battle,1998-09-01,193,92,Defender,39,390100
"Beams, Dayne",pp-collingwood-magpies--dayne-beams,1990-02-12,187,88,Midfield,29,441700
"Bedford, Toby",pp-melbourne-demons--toby-bedford,2000-05-27,178,69,Forward,75,123900
"Begley, Joshua",pp-essendon-bombers--joshua-begley,1998-07-03,188,97,Forward,31,289200
"Bell, Jack",pp-st-kilda-saints--jack-bell,2001-01-26,200,73,Ruck,5,121900
"Bell, James",pp-sydney-swans--james-bell,1999-02-10,183,81,"Midfield, Forward",NA,129500
"Bellchambers, Tom",pp-essendon-bombers--tom-bellchambers,1989-07-09,202,108,Ruck,8,460500
"Bennell, Harley",pp-melbourne-demons--harley-bennell,1992-10-02,185,85,Midfield,2,123900
"Bergman, Miles",pp-port-adelaide-power--miles-bergman,2001-10-18,186,75,Forward,14,148800
"Berry, Jarrod",pp-brisbane-lions--jarrod-berry,1998-02-05,193,89,Midfield,17,461300
"Berry, Thomas",pp-brisbane-lions--thomas-berry,2000-05-01,185,76,Forward,36,123900
"Betts, Eddie",pp-carlton-blues--edward-betts,1986-11-26,174,74,Forward,3,337500
"Bewley, Brett",pp-fremantle-dockers--brett-bewley,1995-04-14,185,87,Forward,59,252700
"Bews, Jed",pp-geelong-cats--jed-bews,1993-12-14,186,88,Defender,86,304700
"Bianco, Trent",pp-collingwood-magpies--trent-bianco,2001-01-20,178,70,"Defender, Midfield",45,117300
"Billings, Jack",pp-st-kilda-saints--jack-billings,1995-08-18,184,79,Midfield,3,509500
"Birchall, Grant",pp-brisbane-lions--grant-birchall,1988-01-28,193,89,Defender,14,292700
"Blakely, Connor",pp-fremantle-dockers--connor-blakely,1996-03-02,188,90,Defender,34,411500
"Blakey, Nick",pp-sydney-swans--nick-blakey,2000-02-27,195,80,Forward,10,295800
"Blicavs, Mark",pp-geelong-cats--mark-blicavs,1991-03-28,198,100,Defender,54,449200
"Boak, Travis",pp-port-adelaide-power--travis-boak,1988-08-01,183,85,Midfield,5,582300
"Bolton, Shai",pp-richmond-tigers--shai-bolton,1998-12-08,175,77,Forward,29,379100
"Bonar, Aiden",pp-kangaroos--aiden-bonar,1999-03-08,188,87,"Midfield, Forward",11,202800
"Bonner, Riley",pp-port-adelaide-power--riley-bonner,1997-03-07,190,85,Defender,37,375500
"Bontempelli, Marcus",pp-western-bulldogs--marcus-bontempelli,1995-11-24,193,93,Midfield,4,623000
"Bosenavulagi, Atu",pp-collingwood-magpies--atu-bosenavulagi,2000-09-17,180,82,Forward,77,123900
"Bowes, Jack",pp-gold-coast-suns--jack-bowes,1998-01-26,187,85,Midfield,10,411300
"Bradtke, Austin",pp-melbourne-demons--austin-bradtke,2000-05-27,204,91,Ruck,NA,123900
"Brand, Kaiden",pp-sydney-swans--kaiden-brand,1994-04-08,198,98,Defender,66,250200
"Brander, Jarrod",pp-west-coast-eagles--jarrod-brander,1999-02-11,195,92,"Defender, Forward",13,133000
"Brayshaw, Andrew",pp-fremantle-dockers--andrew-brayshaw,1999-11-08,184,84,"Midfield, Forward",2,382800
"Brayshaw, Angus",pp-melbourne-demons--angus-brayshaw,1996-01-09,187,87,Midfield,3,452400
"Brayshaw, Hamish",pp-west-coast-eagles--hamish-brayshaw,1998-02-09,187,90,Midfield,39,102400
"Breust, Luke",pp-hawthorn-hawks--luke-breust,1990-11-11,184,84,Forward,77,418100
"Briggs, Kieren",pp-greater-western-sydney-giants--kieren-briggs,1999-10-06,200,103,"Defender, Forward",34,123900
"Broad, Nathan",pp-richmond-tigers--nathan-broad,1993-04-15,192,89,Defender,67,294800
"Brodie, Will",pp-gold-coast-suns--will-brodie,1998-08-23,189,89,Midfield,9,435800
"Brooksby, Keegan",pp-hawthorn-hawks--keegan-brooksby,1990-04-27,197,105,Ruck,4,117300
"Broomhead, Timothy",pp-collingwood-magpies--timothy-broomhead,1994-03-22,182,84,"Midfield, Forward",17,242200
"Brown, Ben",pp-kangaroos--ben-brown,1992-11-20,200,101,Forward,47,432000
"Brown, Callum",pp-collingwood-magpies--callum-brown,1998-04-27,178,77,Forward,35,370900
"Brown, Callum",pp-greater-western-sydney-giants--callum-brown-1,2000-08-15,188,91,Defender,NA,123900
"Brown, Luke",pp-adelaide-crows--luke-brown,1992-09-22,181,81,Defender,NA,369300
"Brown, Mitchell",pp-melbourne-demons--mitchell-brown-1,1990-08-28,196,95,Forward,54,359800
"Brown, Nathan",pp-st-kilda-saints--nathan-brown,1988-12-17,196,99,Defender,10,289500
"Brown, Tyler",pp-collingwood-magpies--tyler-brown,1999-12-09,188,77,Midfield,50,123900
"Brownless, Oscar",pp-geelong-cats--oscar-brownless,2000-02-16,186,75,Forward,27,102400
"Bruce, Josh",pp-western-bulldogs--josh-bruce,1992-06-08,197,101,Forward,NA,358200
"Bryan, Nick",pp-essendon-bombers--nick-bryan,2001-10-22,202,87,Ruck,38,117300
"Buckley, Jack",pp-greater-western-sydney-giants--jack-buckley,1997-12-17,193,87,"Midfield, Forward",NA,123900
"Budarick, Connor",pp-gold-coast-suns--connor-budarick,2001-04-06,175,72,"Midfield, Forward",16,106900
"Buntine, Matthew",pp-greater-western-sydney-giants--matthew-buntine,1993-10-19,189,84,"Defender, Forward",5,285400
"Burgess, Chris",pp-gold-coast-suns--chris-burgess,1995-11-26,191,82,Defender,NA,265300
"Burgoyne, Shaun",pp-hawthorn-hawks--shaun-burgoyne,1982-10-21,186,89,Defender,12,417200
"Burgoyne, Trent",pp-port-adelaide-power--trent-burgoyne,2001-10-02,177,70,Forward,22,102400
"Burton, Ryan",pp-port-adelaide-power--ryan-burton,1997-01-31,191,90,Defender,19,401800
"Butler, Daniel",pp-st-kilda-saints--daniel-butler,1996-06-03,182,80,Forward,67,234600
"Butler, Louis",pp-western-bulldogs--louis-butler,2001-08-26,184,75,"Defender, Midfield",53,117300
"Butters, Isaiah",pp-fremantle-dockers--isaiah-butters,2001-09-16,187,76,Forward,NA,102400
"Butters, Zak",pp-port-adelaide-power--zak-butters,2000-09-08,181,71,Forward,12,328700
"Butts, Jordon",pp-adelaide-crows--jordon-butts,1999-12-31,198,83,Defender,39,123900
"Buzza, Wylie",pp-port-adelaide-power--wylie-buzza,1996-03-02,199,103,Forward,69,142300
"Byrne-Jones, Darcy",pp-port-adelaide-power--darcy-byrne-jones,1995-09-20,181,75,Defender,52,473400
"Byrnes, Ryan",pp-st-kilda-saints--ryan-byrnes,2001-05-03,181,80,Midfield,52,117300
"Bytel, Jack",pp-st-kilda-saints--jack-bytel,2000-03-14,189,78,Midfield,41,123900
"Caddy, Josh",pp-richmond-tigers--josh-caddy,1992-09-28,186,87,"Midfield, Forward",7,407300
"Cahill, Ned",pp-essendon-bombers--ned-cahill,2001-01-11,178,77,"Midfield, Forward",56,117300
"Caldwell, Jye",pp-greater-western-sydney-giants--jye-caldwell,2000-09-28,183,82,Midfield,11,190100
"Cameron, Charlie",pp-brisbane-lions--charlie-cameron,1994-07-05,181,74,Forward,7,433200
"Cameron, Darcy",pp-collingwood-magpies--darcy-cameron,1995-07-18,205,103,"Forward, Ruck",48,123900
"Cameron, Jarrod",pp-west-coast-eagles--jarrod-cameron,2000-05-03,182,70,Forward,39,278600
"Cameron, Jeremy",pp-greater-western-sydney-giants--jeremy-cameron,1993-04-01,196,96,Forward,NA,503900
"Campbell, Tom",pp-kangaroos--tom-campbell,1991-11-02,201,105,"Forward, Ruck",98,199600
"Carlisle, Jake",pp-st-kilda-saints--jake-carlisle,1991-10-01,200,106,Defender,24,328500
"Carter, Jason",pp-fremantle-dockers--jason-carter-1,2000-01-11,185,76,Defender,NA,141200
"Casboult, Levi",pp-carlton-blues--levi-casboult,1990-03-15,201,101,"Defender, Forward",89,403500
"Castagna, Jason",pp-richmond-tigers--jason-castagna,1996-07-12,181,82,Forward,29,360700
"Cavarra, Ben",pp-western-bulldogs--ben-cavarra,1995-12-20,173,72,Forward,45,123900
"Ceglar, Jonathon",pp-hawthorn-hawks--jonathon-ceglar,1991-02-14,204,102,"Forward, Ruck",59,417000
"Cerra, Adam",pp-fremantle-dockers--adam-cerra,1999-10-07,188,84,Defender,5,338900
"Chandler, Kade",pp-melbourne-demons--kade-chandler,2000-01-13,174,75,Forward,15,195500
"Chol, Mabior",pp-richmond-tigers--mabior-chol,1997-01-29,200,91,"Forward, Ruck",45,316200
"Christensen, Allen",pp-brisbane-lions--allen-christensen,1991-05-19,176,79,Forward,40,367800
"Clark, Hunter",pp-st-kilda-saints--hunter-clark,1999-03-26,187,82,Defender,7,402200
"Clark, Jordan",pp-geelong-cats--jordan-clark,2000-10-16,185,78,Midfield,15,330900
"Clarke, Dylan",pp-essendon-bombers--dylan-clarke,1998-09-06,187,87,Midfield,63,352000
"Clarke, Ryan",pp-sydney-swans--ryan-clarke,1997-06-17,186,85,Midfield,31,309100
"Clavarino, Oscar",pp-st-kilda-saints--oscar-clavarino,1999-05-22,197,89,Defender,35,123900
"Close, Bradley",pp-geelong-cats--bradley-close,1998-07-30,181,68,"Midfield, Forward",14,109900
"Clurey, Tom",pp-port-adelaide-power--tom-clurey,1994-03-23,193,88,Defender,29,401800
"Cockatoo, Nakia",pp-geelong-cats--nakia-cockatoo,1996-10-23,186,90,"Midfield, Forward",10,148200
"Coffield, Nicholas",pp-st-kilda-saints--nicholas-coffield,1999-10-23,191,86,Defender,8,309500
"Cole, Tom",pp-west-coast-eagles--tom-cole,1997-05-28,186,81,Defender,36,311500
"Coleman, Keidean",pp-brisbane-lions--keidean-coleman,2000-03-31,183,75,"Midfield, Forward",37,117300
"Coleman-Jones, Callum",pp-richmond-tigers--callum-coleman-jones,1999-06-13,200,102,"Forward, Ruck",20,195500
"Collier-Dawkins, Riley",pp-richmond-tigers--riley-collier-dawkins,2000-02-03,189,89,Midfield,20,123900
"Collins, Samuel",pp-gold-coast-suns--samuel-collins,1994-06-15,194,98,Defender,55,328200
"Colyer, Travis",pp-fremantle-dockers--travis-colyer,1991-08-24,175,77,Forward,26,292200
"Comben, Charlie",pp-kangaroos--charlie-comben,2001-07-20,199,82,"Forward, Ruck",31,117300
"Conca, Reece",pp-fremantle-dockers--reece-conca,1992-08-12,181,84,Midfield,6,372000
"Coniglio, Stephen",pp-greater-western-sydney-giants--stephen-coniglio,1993-12-15,182,86,Midfield,2,549500
"Connolly, Leo",pp-st-kilda-saints--leo-connolly,2001-08-07,181,74,"Defender, Midfield",64,117300
"Conroy, Matt",pp-gold-coast-suns--matt-conroy,2000-07-11,199,85,Ruck,29,102400
"Constable, Charlie",pp-geelong-cats--charlie-constable,1999-05-18,191,86,Midfield,36,391000
"Corbett, Josh",pp-gold-coast-suns--josh-corbett,1996-04-23,190,90,Forward,NA,227500
"Cordy, Zaine",pp-western-bulldogs--zaine-cordy,1996-10-27,193,90,Defender,62,275500
"Corr, Aidan",pp-greater-western-sydney-giants--aidan-corr,1994-05-17,195,97,Defender,14,223700
"Cotchin, Trent",pp-richmond-tigers--trent-cotchin,1990-04-07,185,86,Midfield,2,429500
"Cottrell, Matt",pp-carlton-blues--matt-cottrell,2000-02-29,181,72,Defender,NA,123900
"Cousins, James",pp-hawthorn-hawks--james-cousins,1998-03-19,185,84,Midfield,46,376500
"Cox, Brennan",pp-fremantle-dockers--brennan-cox,1998-08-13,195,99,Forward,41,305500
"Cox, Cedric",pp-brisbane-lions--cedric-cox,1997-08-19,183,82,Forward,24,167300
"Cox, Mason",pp-collingwood-magpies--mason-cox,1991-03-14,211,105,Forward,60,293600
"Cox, Tobin",pp-port-adelaide-power--tobin-cox,1999-07-15,181,73,Forward,9,123900
"Crauford, Henry",pp-essendon-bombers--henry-crauford,1997-10-07,204,99,Ruck,NA,102400
"Cripps, Jamie",pp-west-coast-eagles--jamie-cripps,1992-04-23,183,84,Forward,24,413700
"Cripps, Patrick",pp-carlton-blues--patrick-cripps,1995-03-18,195,92,Midfield,13,635900
"Crisp, Jack",pp-collingwood-magpies--jack-crisp,1993-10-02,190,90,Defender,86,482800
"Crocker, Ben",pp-adelaide-crows--ben-crocker,1997-02-19,188,84,Forward,21,152000
"Crocker, Joel",pp-kangaroos--joel-crocker,2000-04-14,188,73,Defender,69,123900
"Crouch, Brad",pp-adelaide-crows--brad-crouch,1994-01-14,186,85,Midfield,2,534100
"Crouch, Matt",pp-adelaide-crows--matt-crouch,1995-04-21,182,80,Midfield,23,563000
"Crowden, Mitchell",pp-fremantle-dockers--mitchell-crowden,1999-04-28,176,84,Forward,59,272800
"Crozier, Hayden",pp-western-bulldogs--hayden-crozier,1993-12-24,185,79,Defender,20,406800
"Cumberland, Noah",pp-richmond-tigers--noah-cumberland,2001-03-15,183,79,"Midfield, Forward",43,117300
"Cumming, Isaac",pp-greater-western-sydney-giants--isaac-cumming,1998-08-11,184,83,Defender,20,245000
"Cuningham, David",pp-carlton-blues--david-cuningham,1997-03-30,185,85,Forward,23,360800
"Cunningham, Harry",pp-sydney-swans--harry-cunningham,1993-12-06,181,78,Defender,107,436200
"Cunnington, Ben",pp-kangaroos--ben-cunnington,1991-06-30,185,88,Midfield,5,554100
"Curnow, Charlie",pp-carlton-blues--charlie-curnow,1997-02-03,192,96,Forward,12,372200
"Curnow, Edward",pp-carlton-blues--edward-curnow,1989-11-07,180,85,Midfield,89,493200
"Cutler, Tom",pp-essendon-bombers--tom-cutler,1995-02-20,192,92,Midfield,33,296500
"Dahlhaus, Luke",pp-geelong-cats--luke-dahlhaus,1992-08-21,179,77,Forward,70,462400
"Daicos, Josh",pp-collingwood-magpies--josh-daicos,1998-11-26,178,76,Midfield,57,259000
"Dale, Bailey",pp-western-bulldogs--bailey-dale,1996-07-22,183,82,Forward,45,388000
"Dangerfield, Patrick",pp-geelong-cats--patrick-dangerfield,1990-04-05,189,92,Midfield,10,625500
"Daniel, Caleb",pp-western-bulldogs--caleb-daniel,1996-07-07,168,72,Defender,46,537900
"Daniels, Brent",pp-greater-western-sydney-giants--brent-daniels,1999-03-09,170,74,Forward,27,347300
"Daniher, Joe",pp-essendon-bombers--joe-daniher,1994-03-04,200,99,Forward,10,270400
"Darcy, Sean",pp-fremantle-dockers--sean-darcy,1998-06-12,202,113,Ruck,38,402800
"Darling, Jack",pp-west-coast-eagles--jack-darling,1992-06-13,191,95,Forward,26,458900
"Davies-Uniacke, Luke",pp-kangaroos--luke-davies-uniacke,1999-06-08,188,85,"Midfield, Forward",4,342100
"Davis, Ben",pp-adelaide-crows--ben-davis,1997-05-19,187,85,Forward,75,123900
"Davis, Phil",pp-greater-western-sydney-giants--phil-davis,1990-08-30,197,96,Defender,10,431600
"Daw, Majak",pp-kangaroos--majak-daw,1991-03-11,195,97,Defender,33,339600
"Dawson, Jacob",pp-gold-coast-suns--jacob-dawson,1999-11-03,182,82,Defender,NA,318500
"Dawson, Jordan",pp-sydney-swans--jordan-dawson,1997-04-09,192,86,"Defender, Forward",56,467800
"Day, Sam",pp-gold-coast-suns--sam-day,1992-09-06,197,104,Forward,3,369800
"Day, Will",pp-hawthorn-hawks--will-day,2001-06-05,187,70,Defender,13,153300
"De Boer, Matthew",pp-greater-western-sydney-giants--matthew-deboer,1990-03-10,189,87,Midfield,58,408000
"De Goey, Jordan",pp-collingwood-magpies--jordan-de-goey,1996-03-15,188,92,Forward,5,473800
"De Koning, Sam",pp-geelong-cats--sam-de-koning,2001-02-26,200,85,Defender,19,126300
"De Koning, Tom",pp-carlton-blues--tom-de-koning,1999-07-16,203,97,Ruck,30,123900
"Dickson, Tory",pp-western-bulldogs--tory-dickson,1987-09-26,184,85,Forward,57,330900
"Dixon, Charlie",pp-port-adelaide-power--charlie-dixon,1990-09-23,200,105,Forward,NA,350600
"Dixon, Hugh",pp-fremantle-dockers--hugh-dixon,1999-02-26,196,96,Forward,30,171100
"Docherty, Sam",pp-carlton-blues--sam-docherty,1993-10-17,187,87,Defender,12,436100
"Doedee, Tom",pp-adelaide-crows--tom-doedee,1997-03-01,188,88,Defender,17,273700
"Dow, Paddy",pp-carlton-blues--paddy-dow,1999-10-16,187,83,"Midfield, Forward",3,295500
"Dow, Thomson",pp-richmond-tigers--thomson-dow,2001-10-16,182,72,Midfield,21,117300
"Draper, Sam",pp-essendon-bombers--sam-draper,1998-09-28,205,107,Ruck,1,123900
"Drew, Willem",pp-port-adelaide-power--willem-drew,1998-10-01,188,78,Midfield,33,392600
"Duggan, Liam",pp-west-coast-eagles--liam-duggan,1996-12-11,184,83,Defender,11,353000
"Duman, Taylin",pp-fremantle-dockers--taylin-duman,1998-04-18,193,83,Defender,3,336300
"Dumont, Trent",pp-kangaroos--trent-dumont,1995-06-30,186,87,Midfield,30,455100
"Duncan, Mitchell",pp-geelong-cats--mitchell-duncan,1991-06-10,188,88,Midfield,28,560600
"Dunkley, Josh",pp-western-bulldogs--josh-dunkley,1997-01-09,190,88,Midfield,25,632400
"Dunkley, Kyle",pp-melbourne-demons--kyle-dunkley,2000-06-20,185,84,"Midfield, Forward",3,207700
"Dunn, Lynden",pp-collingwood-magpies--lynden-dunn,1987-05-14,192,102,Defender,15,230200
"Dunstan, Luke",pp-st-kilda-saints--luke-dunstan,1995-01-29,185,84,Midfield,18,505300
"Durdin, Sam",pp-kangaroos--sam-durdin,1996-06-06,198,97,Defender,16,285600
"Duryea, Taylor",pp-western-bulldogs--taylor-duryea,1991-04-24,179,80,Defender,69,411400
"Duursma, Xavier",pp-port-adelaide-power--xavier-duursma,2000-07-07,186,73,Midfield,18,401600
"Eagles, Matt",pp-brisbane-lions--matt-eagles,1990-02-09,200,101,Defender,NA,155800
"Ebert, Brad",pp-port-adelaide-power--bradley-ebert,1990-04-02,189,90,Forward,13,415200
"Edwards, Harry",pp-west-coast-eagles--harry-edwards,2000-10-01,197,87,Defender,18,123900
"Edwards, Shane",pp-richmond-tigers--shane-edwards,1988-10-25,182,80,"Defender, Midfield",26,458000
"Eggmolesse-Smith, Derek",pp-richmond-tigers--derek-eggmolesse-smith,1998-05-04,180,80,Defender,NA,202000
"Elliott, Jamie",pp-collingwood-magpies--jamie-elliott-1,1992-08-21,178,81,Forward,NA,380500
"Ellis, Brandon",pp-gold-coast-suns--brandon-ellis,1993-08-03,181,82,Midfield,15,470800
"Ellis, Corey",pp-gold-coast-suns--corey-ellis,1996-10-09,184,81,Defender,12,279100
"Ellis-Yolmen, Cameron",pp-brisbane-lions--cameron-ellis-yolmen,1993-01-28,190,96,Midfield,31,507200
"English, Luke",pp-richmond-tigers--luke-english,2000-08-20,182,80,"Midfield, Forward",62,123900
"English, Timothy",pp-western-bulldogs--timothy-english,1997-08-10,205,93,Ruck,19,448400
"Evans, Francis",pp-geelong-cats--francis-evans,2001-08-23,182,78,Forward,41,117300
"Fantasia, Orazio",pp-essendon-bombers--orazio-fantasia,1995-09-14,178,77,Forward,55,314200
"Farrar, Jy",pp-gold-coast-suns--jy-farrar,2001-12-07,191,79,Forward,60,117300
"Farrell, Kane",pp-port-adelaide-power--kane-farrell,1999-03-17,182,74,Forward,51,237400
"Finlayson, Jeremy",pp-greater-western-sydney-giants--jeremy-finlayson,1996-02-09,196,93,Forward,85,446400
"Fiorini, Brayden",pp-gold-coast-suns--brayden-fiorini,1997-08-22,186,82,Midfield,20,477100
"Fisher, Zac",pp-carlton-blues--zac-fisher,1998-06-15,177,75,"Midfield, Forward",27,356100
"Flanders, Sam",pp-gold-coast-suns--sam-flanders,2001-07-24,182,81,"Midfield, Forward",11,162300
"Fletcher, Sam",pp-gold-coast-suns--sam-fletcher,2000-01-27,188,77,Midfield,NA,123900
"Florent, Oliver",pp-sydney-swans--oliver-florent,1998-07-22,185,81,Midfield,11,373400
"Flynn, Matthew",pp-greater-western-sydney-giants--matthew-flynn,1997-09-13,200,103,Ruck,41,123900
"Fogarty, Darcy",pp-adelaide-crows--darcy-fogarty,1999-09-25,193,94,Forward,12,283500
"Fogarty, Lachlan",pp-geelong-cats--lachlan-fogarty,1999-04-01,180,76,Midfield,22,219400
"Foley, Luke",pp-west-coast-eagles--luke-foley,1999-10-08,188,75,Defender,31,123900
"Foot, Zac",pp-sydney-swans--zac-foot,2000-12-24,181,73,"Midfield, Forward",51,123900
"Fort, Darcy",pp-geelong-cats--darcy-fort,1993-08-06,204,99,Forward,65,264800
"Fox, Robbie",pp-sydney-swans--robbie-fox,1993-04-16,186,86,"Defender, Forward",34,298700
"Frampton, Billy",pp-adelaide-crows--billy-frampton,1996-11-20,200,90,Forward,84,165400
"Francis, Aaron",pp-essendon-bombers--aaron-francis,1997-08-10,192,90,Defender,6,352300
"Franklin, Lance",pp-sydney-swans--lance-franklin,1987-01-30,199,105,Forward,5,394200
"Frawley, James",pp-hawthorn-hawks--james-frawley,1988-09-20,193,96,Defender,12,299900
"Frederick, Martin",pp-port-adelaide-power--martin-frederick,2000-05-17,178,74,Defender,NA,123900
"Frederick, Minairo",pp-fremantle-dockers--minairo-frederick,2000-05-17,183,71,Forward,61,117300
"Fritsch, Bayley",pp-melbourne-demons--bayley-fritsch,1996-12-06,188,82,"Defender, Forward",31,413900
"Frost, Sam",pp-hawthorn-hawks--sam-frost,1993-08-28,194,93,Defender,83,348000
"Fullarton, Tom",pp-brisbane-lions--tom-fullarton,1999-02-23,199,92,Forward,NA,123900
"Fyfe, Nathan",pp-fremantle-dockers--nathan-fyfe,1991-09-18,192,96,Midfield,20,651600
"Gaff, Andrew",pp-west-coast-eagles--andrew-gaff,1992-06-16,183,85,Midfield,4,583200
"Gallucci, Jordan",pp-adelaide-crows--jordan-gallucci,1998-05-04,182,78,Forward,15,269900
"Garcia, Riley",pp-western-bulldogs--riley-garcia,2001-01-30,177,70,Midfield,62,117300
"Gardiner, Darcy",pp-brisbane-lions--darcy-gardiner,1995-09-22,193,92,Defender,22,363300
"Gardner, Ryan",pp-western-bulldogs--ryan-gardner,1997-06-01,197,93,Forward,6,136800
"Garner, Joel",pp-port-adelaide-power--joel-garner,1999-05-21,184,83,Defender,60,219400
"Garner, Taylor",pp-kangaroos--taylor-garner,1994-01-08,187,88,Forward,15,337900
"Garthwaite, Ryan",pp-richmond-tigers--ryan-garthwaite,1998-06-30,192,91,Defender,72,244400
"Gawn, Max",pp-melbourne-demons--max-gawn,1991-12-30,208,109,Ruck,34,697100
"Geary, Jarryn",pp-st-kilda-saints--jarryn-geary,1988-06-23,183,82,Defender,58,305000
"Georgiades, Mitch",pp-port-adelaide-power--mitch-georgiades,2001-09-28,191,78,Forward,18,130800
"Gibbons, Michael",pp-carlton-blues--michael-gibbons,1995-05-15,175,75,Forward,NA,321700
"Gibbs, Bryce",pp-adelaide-crows--bryce-gibbs,1989-03-15,188,84,Midfield,1,375100
"Giro, Stefan",pp-fremantle-dockers--stefan-giro,1999-03-10,175,77,Midfield,21,215900
"Glass, Conor",pp-hawthorn-hawks--conor-glass,1997-09-28,189,84,Defender,62,241600
"Gleeson, Martin",pp-essendon-bombers--martin-gleeson,1994-08-25,191,86,Defender,53,387400
"Goddard, Hugh",pp-carlton-blues--hugh-goddard,1996-08-24,198,94,Defender,1,129500
"Golds, Will",pp-hawthorn-hawks--will-golds,2000-05-06,181,70,"Midfield, Forward",30,123900
"Goldstein, Todd",pp-kangaroos--todd-goldstein,1988-07-01,201,103,Ruck,37,609400
"Gollant, Lachlan",pp-adelaide-crows--lachlan-gollant,2001-09-12,191,72,"Defender, Midfield",48,117300
"Gould, Will",pp-sydney-swans--will-gould,2001-01-14,191,98,Defender,26,117300
"Gowers, Billy",pp-western-bulldogs--billy-gowers,1996-06-10,187,87,Forward,9,263900
"Gown, Noah",pp-essendon-bombers--noah-gown,2000-02-01,194,91,Forward,60,123900
"Graham, Caleb",pp-gold-coast-suns--caleb-graham,2000-09-12,195,92,Defender,71,207800
"Graham, Jack",pp-richmond-tigers--jack-graham,1998-02-25,181,82,Midfield,53,418900
"Gray, Robbie",pp-port-adelaide-power--robert-gray,1988-03-30,183,84,"Midfield, Forward",55,453000
"Gray, Sam",pp-sydney-swans--sam-gray,1992-02-01,176,75,Forward,29,386600
"Greaves, Damon",pp-hawthorn-hawks--damon-greaves,2000-04-25,186,77,Defender,14,123900
"Green, Tom",pp-greater-western-sydney-giants--tom-green,2001-01-23,188,85,Midfield,10,166800
"Greene, Fergus",pp-western-bulldogs--fergus-greene,1997-12-20,187,75,Forward,70,157400
"Greene, Toby",pp-greater-western-sydney-giants--toby-greene,1993-09-25,182,83,Forward,11,510100
"Greenwood, Hugh",pp-gold-coast-suns--hugh-greenwood,1992-03-06,191,92,"Midfield, Forward",48,463100
"Greenwood, Levi",pp-collingwood-magpies--levi-greenwood,1989-02-19,181,87,Defender,32,355300
"Gresham, Jade",pp-st-kilda-saints--jade-gresham,1997-08-24,179,79,"Midfield, Forward",18,456400
"Grimes, Dylan",pp-richmond-tigers--dylan-grimes,1991-07-16,193,90,Defender,2,399500
"Grundy, Brodie",pp-collingwood-magpies--brodie-grundy,1994-04-15,203,100,Ruck,18,705900
"Grundy, Riley",pp-port-adelaide-power--riley-grundy,2000-07-28,194,86,Defender,38,102400
"Guelfi, Matt",pp-essendon-bombers--matt-guelfi,1997-08-14,184,85,Midfield,76,304700
"Gunston, Jack",pp-hawthorn-hawks--jack-gunston,1991-10-16,193,87,Forward,29,433600
"Guthrie, Cameron",pp-geelong-cats--cameron-guthrie,1992-08-19,187,86,Midfield,23,413900
"Guthrie, Zach",pp-geelong-cats--zach-guthrie,1998-06-30,187,76,Defender,33,190100
"Hall, Aaron",pp-kangaroos--aaron-hall,1990-11-09,185,85,Midfield,7,370600
"Ham, Brayden",pp-essendon-bombers--brayden-ham,1999-04-25,181,70,"Midfield, Forward",72,217500
"Hamill, Will",pp-adelaide-crows--will-hamill,2000-11-17,186,71,Defender,30,123900
"Hamling, Joel",pp-fremantle-dockers--joel-hamling,1993-04-09,194,92,Defender,32,342400
"Hanley, Pearce",pp-gold-coast-suns--pearce-hanley,1988-11-15,185,86,Defender,95,419800
"Hannan, Mitchell",pp-melbourne-demons--mitchell-hannan,1994-03-09,189,86,Forward,46,201200
"Hannebery, Daniel",pp-st-kilda-saints--daniel-hannebery,1991-02-24,181,80,Midfield,30,417000
"Hanrahan, Oliver",pp-hawthorn-hawks--oliver-hanrahan,1998-08-27,181,75,Forward,14,284800
"Harbrow, Jarrod",pp-gold-coast-suns--jarrod-harbrow,1988-07-18,178,73,Defender,27,419400
"Hardwick, Blake",pp-hawthorn-hawks--blake-hardwick,1997-02-05,181,79,Defender,44,429000
"Harmes, James",pp-melbourne-demons--james-harmes,1995-10-05,185,82,Midfield,2,516400
"Hartigan, Kyle",pp-adelaide-crows--kyle-hartigan,1991-11-07,194,98,Defender,76,239200
"Hartlett, Hamish",pp-port-adelaide-power--hamish-hartlett,1990-08-14,185,83,Defender,4,434900
"Hartley, Michael",pp-hawthorn-hawks--michael-hartley,1993-06-07,198,104,Defender,2,272400
"Hately, Jackson",pp-greater-western-sydney-giants--jackson-hately,2000-10-21,190,83,Midfield,14,301600
"Hawkins, Tom",pp-geelong-cats--tom-hawkins,1988-07-21,198,103,Forward,41,465000
"Hayden, Kyron",pp-kangaroos--kyron-hayden,1999-06-07,186,86,Midfield,27,134700
"Hayes, Sam",pp-port-adelaide-power--sam-hayes,1999-06-09,203,93,Ruck,47,123900
"Hayes, Will",pp-western-bulldogs--will-hayes,1995-06-05,181,77,Midfield,78,315000
"Haynes, Nick",pp-greater-western-sydney-giants--nick-haynes,1992-05-18,193,90,Defender,7,474700
"Hayward, Will",pp-sydney-swans--will-hayward,1998-10-26,187,84,Forward,21,317900
"Heeney, Isaac",pp-sydney-swans--isaac-heeney,1996-05-05,186,84,"Midfield, Forward",18,510700
"Henderson, Lachlan",pp-geelong-cats--lachlan-henderson,1989-12-14,196,98,Defender,35,305000
"Henderson, Ricky",pp-hawthorn-hawks--ricky-henderson,1988-09-11,188,89,Midfield,82,514900
"Henry, Jack",pp-geelong-cats--jack-henry,1998-08-29,191,92,Defender,16,289200
"Henry, Liam",pp-fremantle-dockers--liam-henry,2001-08-28,179,67,"Midfield, Forward",9,171300
"Heppell, Dyson",pp-essendon-bombers--dyson-heppell,1992-05-14,189,84,Midfield,8,514300
"Heron, Jacob",pp-gold-coast-suns--jacob-heron,1999-12-10,180,79,Forward,NA,179900
"Hewett, George",pp-sydney-swans--george-hewett,1995-12-29,187,84,Midfield,32,477600
"Hibberd, Michael",pp-melbourne-demons--michael-hibberd,1990-01-03,186,90,Defender,4,349300
"Hibberd, Mitchell",pp-essendon-bombers--mitchell-hibberd,1996-09-23,192,87,Midfield,10,114400
"Hickey, Tom",pp-west-coast-eagles--tom-hickey,1991-03-06,201,96,Ruck,NA,425700
"Higgins, Jack",pp-richmond-tigers--jack-higgins,1999-03-19,177,78,Forward,17,358800
"Higgins, Shaun",pp-kangaroos--shaun-higgins,1988-03-04,184,89,Midfield,11,515200
"Hill, Bradley",pp-st-kilda-saints--bradley-hill,1993-07-09,179,79,Midfield,33,457400
"Hill, Ian",pp-greater-western-sydney-giants--ian-hill,2000-02-09,175,66,Forward,24,275800
"Hill, Stephen",pp-fremantle-dockers--stephen-hill,1990-05-01,183,82,"Defender, Forward",3,190600
"Himmelberg, Elliott",pp-adelaide-crows--elliot-himmelberg,1998-06-04,198,96,Forward,51,277900
"Himmelberg, Harrison",pp-greater-western-sydney-giants--harrison-himmelberg,1996-05-08,194,92,Forward,16,413700
"Hind, Nick",pp-st-kilda-saints--nick-hind,1994-08-19,180,71,Forward,54,311000
"Hinge, Mitchell",pp-brisbane-lions--mitchell-hinge,1998-06-26,190,84,Midfield,20,210200
"Hipwood, Eric",pp-brisbane-lions--eric-hipwood,1997-09-13,204,90,Forward,14,294000
"Hird, Tom",pp-essendon-bombers--tom-hird,2001-03-28,182,70,Midfield,NA,102400
"Hogan, Jesse",pp-fremantle-dockers--jesse-hogan,1995-02-12,195,99,Forward,2,327600
"Holman, Nicholas",pp-gold-coast-suns--nicholas-holman,1995-05-29,189,87,Forward,19,365200
"Hombsch, Jack",pp-gold-coast-suns--jack-hombsch,1993-03-07,194,89,Defender,NA,290800
"Honey, Josh",pp-carlton-blues--josh-honey,2001-10-17,184,79,"Midfield, Forward",3,124900
"Hooker, Cale",pp-essendon-bombers--cale-hooker,1988-10-13,198,103,Defender,54,438300
"Hopper, Jacob",pp-greater-western-sydney-giants--jacob-hopper,1997-02-06,187,87,Midfield,7,520200
"Hore, Marty",pp-melbourne-demons--marty-hore,1996-03-05,190,84,Defender,56,383600
"Horlin-Smith, George",pp-gold-coast-suns--george-horlin-smith,1992-12-22,188,84,"Defender, Midfield",37,221300
"Hosie, Lachlan",pp-kangaroos--lachie-hosie,1997-02-25,189,78,Forward,5,123900
"Hoskin-Elliott, Will",pp-collingwood-magpies--will-hoskin-elliott,1993-09-02,186,82,Forward,4,382000
"Houli, Bachar",pp-richmond-tigers--bachar-houli,1988-05-12,180,83,Defender,3,571600
"Houston, Dan",pp-port-adelaide-power--dan-houston,1997-05-12,186,83,"Defender, Midfield",45,484800
"Howard, Dougal",pp-st-kilda-saints--dougal-howard,1996-03-25,199,92,"Defender, Forward",56,376500
"Howe, Daniel",pp-hawthorn-hawks--daniel-howe,1995-12-04,191,87,"Defender, Midfield",31,399600
"Howe, Jeremy",pp-collingwood-magpies--jeremy-howe,1990-06-29,190,86,Defender,33,431900
"Hughes, Ethan",pp-fremantle-dockers--ethan-hughes,1994-12-07,188,89,Defender,5,364100
"Hunt, Jayden",pp-melbourne-demons--jayden-hunt,1995-04-03,187,82,Forward,57,317300
"Hunter, Lachlan",pp-western-bulldogs--lachlan-hunter,1994-12-13,183,82,Midfield,49,517400
"Hurley, Michael",pp-essendon-bombers--michael-hurley,1990-06-01,192,94,Defender,5,432900
"Hurn, Shannon",pp-west-coast-eagles--shannon-hurn,1987-09-04,187,95,Defender,13,562200
"Hutchesson, Thomas",pp-greater-western-sydney-giants--thomas-hutchesson,1995-04-04,177,75,"Midfield, Forward",65,117300
"Hutchings, Mark",pp-west-coast-eagles--mark-hutchings,1991-05-25,182,83,Midfield,60,274200
"Idun, Connor",pp-greater-western-sydney-giants--connor-idun,2000-07-29,191,91,Defender,61,143400
"Impey, Jarman",pp-hawthorn-hawks--jarman-impey,1995-07-09,178,82,Defender,21,402500
"Jackson, Luke",pp-melbourne-demons--luke-jackson,2001-09-29,198,84,Ruck,3,198300
"Jacobs, Ben",pp-kangaroos--ben-jacobs,1992-01-09,185,85,Midfield,37,348500
"Jacobs, Sam",pp-greater-western-sydney-giants--sam-jacobs,1988-04-10,200,102,Ruck,72,348400
"Jamieson, Callum",pp-west-coast-eagles--callum-jamieson,2000-07-31,200,81,Ruck,49,117300
"Jarvis, Ben",pp-geelong-cats--ben-jarvis,2000-07-27,189,65,Defender,48,123900
"Jeka, Emerson",pp-hawthorn-hawks--emerson-jeka,2001-09-18,197,87,Forward,9,115900
"Jenkins, Josh",pp-geelong-cats--josh-jenkins,1989-02-08,200,108,Forward,12,371200
"Jetta, Lewis",pp-west-coast-eagles--lewis-jetta,1989-05-04,182,80,Defender,14,382600
"Jetta, Neville",pp-melbourne-demons--neville-jetta,1990-02-12,180,83,Defender,50,243700
"Jiath, Changkuoth",pp-hawthorn-hawks--changkuoth-jiath,1999-06-13,185,74,Defender,NA,219900
"Johannisen, Jason",pp-western-bulldogs--jason-johannisen,1992-11-08,180,82,Defender,105,458100
"Johnson, Ben",pp-west-coast-eagles--ben-johnson-2,2001-03-06,180,65,Defender,58,117300
"Johnson, Lachlan",pp-essendon-bombers--lachlan-johnson,2001-08-07,176,75,"Midfield, Forward",63,117300
"Jonas, Thomas",pp-port-adelaide-power--thomas-jonas,1991-01-09,188,89,Defender,85,417500
"Jones, Chayce",pp-adelaide-crows--chayce-jones,2000-01-14,180,77,Forward,9,271500
"Jones, Harrison",pp-hawthorn-hawks--harrison-jones,1999-03-15,185,80,Midfield,7,123900
"Jones, Harrison",pp-essendon-bombers--harrison-jones-1,2001-02-25,194,75,Forward,30,117300
"Jones, Jamaine",pp-west-coast-eagles--jamaine-jones,1998-09-29,180,81,Forward,48,143800
"Jones, Liam",pp-carlton-blues--liam-jones,1991-02-24,199,97,Defender,32,358800
"Jones, Nathan",pp-melbourne-demons--nathan-jones,1988-01-20,180,87,"Defender, Midfield",12,397900
"Jones, Zak",pp-st-kilda-saints--zak-jones,1995-03-15,181,80,Midfield,15,465400
"Jong, Lin",pp-western-bulldogs--lin-jong,1993-06-04,188,87,Midfield,9,260700
"Jordan, James",pp-melbourne-demons--james-jordan,2000-12-20,186,80,Midfield,33,123900
"Joyce, Darragh",pp-st-kilda-saints--darragh-joyce,1997-04-23,195,90,Defender,NA,209100
"Joyce, Jesse",pp-gold-coast-suns--jesse-joyce,1997-08-17,191,84,Defender,67,326800
"Joyce, Tom",pp-brisbane-lions--tom-joyce,2000-03-07,180,86,"Midfield, Forward",40,123900
"Keane, Mark",pp-collingwood-magpies--mark-keane,2000-03-17,194,92,Defender,NA,123900
"Keath, Alex",pp-western-bulldogs--alex-keath,1992-01-20,197,93,Defender,58,413000
"Keays, Ben",pp-adelaide-crows--ben-keays,1997-02-23,185,89,Forward,7,266100
"Keeffe, Lachlan",pp-greater-western-sydney-giants--lachlan-keeffe,1990-04-14,204,102,"Defender, Forward",7,272700
"Kelly, Jake",pp-adelaide-crows--jake-kelly,1995-01-21,190,89,Defender,40,406300
"Kelly, Joshua",pp-greater-western-sydney-giants--joshua-kelly,1995-02-12,184,83,Midfield,2,637700
"Kelly, Tim",pp-west-coast-eagles--tim-kelly,1994-07-26,182,81,Midfield,24,561800
"Kelly, Will",pp-collingwood-magpies--will-kelly,2000-08-16,194,84,Forward,29,123900
"Kemp, Brodie",pp-carlton-blues--brodie-kemp,2001-05-01,192,82,Midfield,17,135300
"Kennedy, Adam",pp-greater-western-sydney-giants--adam-kennedy,1992-07-12,182,80,Defender,NA,353500
"Kennedy, Josh P.",pp-sydney-swans--josh-p--kennedy,1988-06-20,189,97,Midfield,40,579000
"Kennedy, Joshua",pp-west-coast-eagles--joshua-kennedy,1987-08-25,196,102,Forward,4,335600
"Kennedy, Matthew",pp-carlton-blues--matthew-kennedy-1,1997-04-06,190,88,Forward,13,309500
"Kennerley, Jacob",pp-geelong-cats--jacob-kennerley,2000-06-16,186,78,Defender,50,123900
"Kent, Dean",pp-st-kilda-saints--dean-kent,1994-02-24,180,85,Forward,48,345900
"Khamis, Buku",pp-western-bulldogs--buku-khamis,2000-03-24,189,82,Defender,NA,123900
"King, Ben",pp-gold-coast-suns--ben-king,2000-07-07,202,87,Forward,6,225000
"King, Max",pp-st-kilda-saints--max-king-1,2000-07-07,202,90,Forward,4,123900
"Knight, Riley",pp-adelaide-crows--riley-knight,1995-03-27,181,80,Forward,46,344300
"Knoll, Michael",pp-sydney-swans--michael-knoll,1993-02-27,205,103,Ruck,4,123900
"Kolodjashnij, Jake",pp-geelong-cats--jake-kolodjashnij,1995-08-09,193,94,Defender,41,297600
"Kolodjashnij, Kade",pp-melbourne-demons--kade-kolodjashnij,1995-08-09,190,86,Midfield,5,207700
"Koschitzke, Jacob",pp-hawthorn-hawks--jacob-koschitzke,2000-07-11,196,94,Defender,52,123900
"Kreuger, Nathan",pp-geelong-cats--nathan-kreuger,1999-06-25,196,88,Forward,NA,123900
"Kreuzer, Matthew",pp-carlton-blues--matthew-kreuzer,1989-05-13,200,101,Ruck,1,528900
"Ladhams, Peter",pp-port-adelaide-power--peter-ladhams,1998-01-14,202,95,"Forward, Ruck",9,326700
"Laird, Rory",pp-adelaide-crows--rory-laird,1993-12-29,177,81,Defender,86,525800
"Lambert, Kane",pp-richmond-tigers--kane-lambert,1991-11-26,178,77,Forward,46,477900
"Lang, Darcy",pp-carlton-blues--darcy-lang,1995-11-21,183,83,Forward,16,244400
"Langdon, Ed",pp-melbourne-demons--ed-langdon,1996-02-01,182,78,Midfield,54,466300
"Langdon, Tom",pp-collingwood-magpies--tom-langdon,1994-06-09,190,85,Defender,65,405500
"Langdon, Zac",pp-greater-western-sydney-giants--zac-giles-langdon,1995-11-13,177,81,Forward,56,218300
"Langford, Kyle",pp-essendon-bombers--kyle-langford,1996-12-01,191,87,"Midfield, Forward",17,399900
"Langlands, Doulton",pp-st-kilda-saints--doulton-langlands,1999-07-29,187,83,Midfield,8,202700
"Larkey, Nick",pp-kangaroos--nick-larkey,1998-06-06,198,93,Forward,73,329000
"Laverde, Jayden",pp-essendon-bombers--jayden-laverde,1996-04-12,191,91,Forward,20,364400
"Lemmens, Sean",pp-gold-coast-suns--sean-lemmens,1994-11-02,184,84,"Midfield, Forward",27,262000
"Lester, Ryan",pp-brisbane-lions--ryan-lester,1992-08-26,192,85,Defender,28,330000
"Lever, Jake",pp-melbourne-demons--jake-lever,1996-03-05,195,91,Defender,14,384200
"Lewis, Mitchell",pp-hawthorn-hawks--mitchell-lewis,1998-10-14,198,95,Forward,76,367000
"Liberatore, Thomas",pp-western-bulldogs--thomas-liberatore,1992-05-16,183,83,Midfield,41,447500
"Lienert, Jarrod",pp-port-adelaide-power--jarrod-lienert,1994-08-05,195,88,Defender,42,401500
"Ling, Matthew",pp-sydney-swans--matthew-ling,1999-04-21,184,79,Defender,14,123900
"Lipinski, Patrick",pp-western-bulldogs--patrick-lipinski,1998-07-17,187,84,"Midfield, Forward",28,441500
"Lloyd, Daniel",pp-greater-western-sydney-giants--daniel-lloyd,1992-02-18,187,85,Forward,26,328500
"Lloyd, Jake",pp-sydney-swans--jake-lloyd,1993-09-20,181,79,Defender,16,591400
"Lloyd, Sam",pp-western-bulldogs--sam-lloyd,1990-03-03,180,81,Forward,66,419100
"Lobb, Rory",pp-fremantle-dockers--rory-lobb,1993-02-09,206,106,Ruck,29,472800
"Lockhart, Jay",pp-melbourne-demons--jay-lockhart,1996-02-03,177,75,Forward,NA,283700
"Logue, Griffin",pp-fremantle-dockers--griffin-logue,1998-04-13,193,101,Defender,8,339900
"Long, Ben",pp-st-kilda-saints--ben-long,1997-08-21,184,79,Forward,25,283100
"Lonie, Jack",pp-st-kilda-saints--jack-lonie,1996-08-13,175,70,Forward,41,354200
"Lukosius, Jack",pp-gold-coast-suns--jack-lukosius,2000-08-09,195,83,"Defender, Forward",2,274600
"Lycett, Scott",pp-port-adelaide-power--scott-lycett,1992-09-26,203,98,Ruck,29,550600
"Lynch, Bradley",pp-western-bulldogs--bradley-lynch,1997-07-11,187,79,Defender,11,221100
"Lynch, Max",pp-collingwood-magpies--max-lynch,1998-09-12,200,99,Ruck,51,123900
"Lynch, Tom",pp-adelaide-crows--tom-lynch,1990-09-15,193,88,Forward,13,459900
"Lynch, Tom",pp-richmond-tigers--thomas-lynch,1992-10-31,199,99,Forward,11,388800
"Lyons, Corey",pp-brisbane-lions--corey-lyons,1998-05-31,184,83,Midfield,26,102400
"Lyons, Jarryd",pp-brisbane-lions--jarryd-lyons,1992-07-22,184,84,Midfield,61,535400
"MacKay, David",pp-adelaide-crows--david-mackay,1988-07-25,181,78,"Defender, Midfield",48,361100
"MacMillan, Jamie",pp-kangaroos--jamie-macmillan,1991-09-23,188,89,Defender,37,443200
"Macpherson, Darcy",pp-gold-coast-suns--darcy-macpherson,1997-10-29,174,78,"Midfield, Forward",21,443800
"Macrae, Jackson",pp-western-bulldogs--jackson-macrae,1994-08-03,191,85,Midfield,6,668900
"Macreadie, Harrison",pp-carlton-blues--harrison-macreadie,1998-04-11,198,92,Defender,47,123900
"Madden, James",pp-brisbane-lions--james-madden,1999-11-15,186,85,"Defender, Forward",NA,123900
"Madgen, Jack",pp-collingwood-magpies--jack-madgen,1993-04-25,192,98,Defender,NA,235700
"Maginness, Finn",pp-hawthorn-hawks--finn-maginness,2001-02-23,187,80,Midfield,29,117300
"Mahony, Jack",pp-kangaroos--jack-mahony,2001-11-12,176,70,"Midfield, Forward",34,117300
"Maibaum, Jack",pp-sydney-swans--jack-maibaum,1998-03-27,194,91,Defender,19,103900
"Marchbank, Caleb",pp-carlton-blues--caleb-marchbank,1996-12-07,193,93,Defender,6,348000
"Markov, Oleg",pp-richmond-tigers--oleg-markov,1996-05-08,188,82,Midfield,50,184400
"Marsh, Jonathon",pp-st-kilda-saints--jonathon-marsh,1995-10-17,194,93,Defender,77,219800
"Marshall, Rowan",pp-st-kilda-saints--rowan-marshall,1995-11-24,201,104,Ruck,10,598700
"Marshall, Todd",pp-port-adelaide-power--todd-marshall,1998-10-08,198,87,Forward,16,286200
"Martin, Dustin",pp-richmond-tigers--dustin-martin,1991-06-26,187,93,"Midfield, Forward",3,543000
"Martin, Jack",pp-carlton-blues--jack-martin,1995-01-29,186,83,"Midfield, Forward",1,420800
"Martin, Stefan",pp-brisbane-lions--stefan-martin,1986-11-17,199,104,Ruck,3,501100
"Martyn, Will",pp-richmond-tigers--will-martyn,2001-03-29,183,73,Midfield,44,117300
"Matera, Brandon",pp-fremantle-dockers--brandon-matera,1992-03-11,175,76,Forward,NA,342900
"Mathieson, Rhys",pp-brisbane-lions--rhys-mathieson,1997-01-10,188,87,"Midfield, Forward",39,325200
"May, Steven",pp-melbourne-demons--steven-may,1992-01-10,193,100,Defender,NA,384200
"Mayes, Sam",pp-port-adelaide-power--sam-mayes,1994-05-20,187,84,Midfield,8,213500
"Maynard, Brayden",pp-collingwood-magpies--brayden-maynard,1996-09-20,189,90,Defender,30,433900
"Mayne, Christopher",pp-collingwood-magpies--christopher-mayne,1988-11-02,188,84,Midfield,40,406700
"Mayo, Jack",pp-st-kilda-saints--jack-mayo,1999-07-22,192,81,Forward,8,123900
"McAdam, Shane",pp-adelaide-crows--shane-mcadam,1995-05-28,181,78,Forward,NA,123900
"McAsey, Fischer",pp-adelaide-crows--fischer-mcasey,2001-03-08,197,91,Defender,6,184800
"McBride, Cian",pp-essendon-bombers--cian-mcbride,2001-04-19,197,90,Defender,NA,102400
"McCarthy, Cameron",pp-fremantle-dockers--cameron-mccarthy,1995-04-01,192,92,Forward,14,289200
"McCarthy, Lincoln",pp-brisbane-lions--lincoln-mccarthy,1993-10-22,176,84,Forward,66,357400
"McCartin, Tom",pp-sydney-swans--tom-mccartin,1999-12-30,193,89,Forward,33,269800
"McCluggage, Hugh",pp-brisbane-lions--hugh-mccluggage,1998-03-03,187,85,Midfield,3,510700
"McDonald, Luke",pp-kangaroos--luke-mcdonald,1995-02-09,189,89,Defender,8,327100
"McDonald, Oscar",pp-melbourne-demons--oscar-mcdonald,1996-03-18,196,100,Defender,53,267000
"McDonald, Tom",pp-melbourne-demons--tom-mcdonald,1992-09-18,194,99,Forward,53,387000
"McDonald-Tipungwuti, Anthony",pp-essendon-bombers--anthony-mcdonald-tipungwuti,1993-04-22,171,77,Forward,22,409500
"McEvoy, Ben",pp-hawthorn-hawks--ben-mcevoy,1989-07-11,200,102,Ruck,9,503600
"McFadyen, Connor",pp-brisbane-lions--connor-mcfadyen,2000-12-04,190,81,Forward,42,123900
"McGovern, Jeremy",pp-west-coast-eagles--jeremy-mcgovern,1992-04-15,196,99,Defender,74,475300
"McGovern, Mitch",pp-carlton-blues--mitch-mcgovern,1994-10-11,191,93,Forward,43,263400
"McGrath, Andrew",pp-essendon-bombers--andrew-mcgrath,1998-06-02,178,83,Midfield,1,399400
"McGuinness, Matthew",pp-kangaroos--matthew-mcguinness,2000-06-13,192,75,Defender,NA,102400
"McHenry, Ned",pp-adelaide-crows--edward-mchenry,2000-07-13,179,70,Midfield,16,123900
"Mcinerney, Justin",pp-sydney-swans--justin-mcinerney,2000-08-18,187,73,Midfield,44,123900
"McInerney, Oscar",pp-brisbane-lions--oscar-mcinerney,1994-07-10,205,107,"Forward, Ruck",37,368400
"Mcintosh, Kamdyn",pp-richmond-tigers--kamdyn-mcintosh,1994-04-03,191,91,Midfield,31,343800
"McKay, Ben",pp-kangaroos--ben-mckay,1997-12-24,201,95,Defender,21,149200
"McKay, Harry",pp-carlton-blues--harry-mckay,1997-12-24,204,99,Forward,10,334800
"McKenna, Conor",pp-essendon-bombers--conor-mckenna,1996-03-28,184,88,Defender,62,433600
"McKenzie, Daniel",pp-st-kilda-saints--daniel-mckenzie,1996-05-17,185,83,Defender,22,280900
"McKenzie, Trent",pp-port-adelaide-power--trent-mckenzie,1992-04-03,191,83,Defender,NA,298700
"McKernan, Shaun",pp-essendon-bombers--shaun-mckernan,1990-09-01,196,100,Forward,19,363800
"McLean, Hayden",pp-sydney-swans--hayden-mclean,1999-01-20,197,93,Ruck,NA,265000
"McLean, Toby",pp-western-bulldogs--toby-mclean,1996-01-31,180,79,Forward,26,380100
"McLennan, Jez",pp-gold-coast-suns--jez-mclennan,2000-09-07,185,82,Defender,23,123900
"McPherson, Andrew",pp-adelaide-crows--andrew-mcpherson,1999-06-20,186,79,Defender,40,123900
"McQuillan, Ross",pp-essendon-bombers--ross-mcquillan,1999-01-18,188,79,"Defender, Forward",NA,102400
"McStay, Daniel",pp-brisbane-lions--daniel-mcstay,1995-06-24,195,100,Forward,25,305100
"Mead, Jackson",pp-port-adelaide-power--jackson-mead,2001-09-30,184,83,Midfield,25,117300
"Meek, Lloyd",pp-fremantle-dockers--lloyd-meek,1998-04-22,203,111,Ruck,69,123900
"Melican, Lewis",pp-sydney-swans--lewis-melican,1996-11-04,195,98,Defender,52,284600
"Melksham, Jake",pp-melbourne-demons--jake-melksham,1991-08-29,186,83,Forward,10,359800
"Membrey, Tim",pp-st-kilda-saints--tim-membrey,1994-05-26,190,89,Forward,46,436400
"Menegola, Sam",pp-geelong-cats--sam-menegola,1992-03-07,189,89,Midfield,66,441700
"Merrett, Zachary",pp-essendon-bombers--zachary-merrett,1995-10-03,180,83,Midfield,26,573600
"Miers, Gryan",pp-geelong-cats--gryan-miers,1999-03-30,178,78,Forward,57,365600
"Mihocek, Brody",pp-collingwood-magpies--brody-mihocek,1993-02-04,192,97,Forward,22,390000
"Milera, Wayne",pp-adelaide-crows--wayne-milera,1997-09-14,184,81,"Defender, Midfield",11,402500
"Miles, Anthony",pp-gold-coast-suns--anthony-miles,1992-02-28,180,81,Midfield,27,455200
"Miller, Ben",pp-richmond-tigers--ben-miller,1999-08-31,195,95,Defender,63,123900
"Miller, Touk",pp-gold-coast-suns--touk-miller,1996-02-22,178,83,Midfield,29,460700
"Mills, Callum",pp-sydney-swans--callum-mills,1997-04-02,189,83,Defender,3,444100
"Minchington, Darren",pp-hawthorn-hawks--darren-minchington,1993-12-09,179,81,Forward,65,117300
"Mitchell, Tom",pp-hawthorn-hawks--tom-mitchell,1993-05-31,182,84,Midfield,21,630900
"Moore, Callum",pp-carlton-blues--callum-moore,1996-09-03,193,92,Forward,12,186800
"Moore, Darcy",pp-collingwood-magpies--darcy-moore,1996-01-25,203,100,Defender,9,405800
"Moore, Dylan",pp-hawthorn-hawks--dylan-moore,1999-08-04,176,70,Forward,67,274400
"Morris, Josh",pp-hawthorn-hawks--josh-morris,2001-11-07,186,76,Forward,57,117300
"Morrison, Harry",pp-hawthorn-hawks--harry-morrison,1998-11-12,180,79,"Midfield, Forward",74,287200
"Mosquito, Irving",pp-essendon-bombers--irving-mosquito,2000-08-24,176,72,Forward,38,123900
"Motlop, Steven",pp-port-adelaide-power--steven-motlop,1991-03-12,183,76,Forward,39,338600
"Mumford, Shane",pp-greater-western-sydney-giants--shane-mumford,1986-07-05,198,105,Ruck,57,443200
"Mundy, David",pp-fremantle-dockers--david-mundy,1985-07-20,193,94,Midfield,19,483500
"Murdoch, Jordan",pp-gold-coast-suns--jordan-murdoch,1992-03-23,190,87,Defender,48,319600
"Murphy, Lachlan",pp-adelaide-crows--lachlan-murphy,1998-12-04,176,76,Forward,38,295800
"Murphy, Marc",pp-carlton-blues--marc-murphy,1987-07-19,180,80,Midfield,1,492400
"Murphy, Nathan",pp-collingwood-magpies--nathan-murphy,1999-12-15,190,85,Defender,39,123900
"Murphy, Thomas",pp-kangaroos--thomas-murphy-1,1998-01-19,189,82,Defender,4,152000
"Murtagh, Patrick",pp-gold-coast-suns--patrick-murtagh,2000-02-11,196,94,Forward,NA,102400
"Mutch, Kobe",pp-essendon-bombers--kobe-mutch,1998-03-18,187,88,Midfield,42,207400
"Naish, Patrick",pp-richmond-tigers--patrick-naish,1999-01-15,182,75,Midfield,34,236200
"Naismith, Sam",pp-sydney-swans--sam-naismith,1992-07-16,206,108,Ruck,58,251500
"Naitanui, Nicholas",pp-west-coast-eagles--nicholas-naitanui,1990-05-04,201,110,Ruck,2,457800
"Nankervis, Toby",pp-richmond-tigers--toby-nankervis,1994-08-12,199,102,Ruck,35,404300
"Narkle, Quinton",pp-geelong-cats--quinton-narkle,1997-12-03,181,80,Midfield,60,396600
"Nash, Conor",pp-hawthorn-hawks--conor-nash,1998-07-28,197,93,Forward,NA,269600
"Naughton, Aaron",pp-western-bulldogs--aaron-naughton,1999-11-30,195,89,Forward,9,367800
"Neal-Bullen, Alex",pp-melbourne-demons--alex-neal-bullen,1996-01-09,182,80,Forward,40,333600
"Neale, Lachie",pp-brisbane-lions--lachie-neale,1993-05-24,177,85,Midfield,58,658500
"Nelson, Jackson",pp-west-coast-eagles--jackson-nelson,1996-03-15,187,85,Defender,51,272000
"Newman, Nic",pp-carlton-blues--nic-newman,1993-01-15,187,83,Defender,35,524800
"Newnes, Jack",pp-carlton-blues--jack-newnes,1993-02-24,186,82,Midfield,37,386400
"Nietschke, Aaron",pp-melbourne-demons--aaron-nietschke,2000-05-26,184,82,Midfield,53,123900
"Noble, John",pp-collingwood-magpies--john-noble,1997-03-25,180,72,Defender,14,215400
"North, Thomas",pp-fremantle-dockers--thomas-north,1999-02-14,183,84,Midfield,20,102400
"Nyuon, Bigoa",pp-richmond-tigers--bigoa-nyuon,2001-05-18,195,87,"Defender, Ruck",54,117300
"O'Brien, Lochie",pp-carlton-blues--lochie-o-brien,1999-09-18,185,78,Midfield,10,243400
"O'Brien, Reilly",pp-adelaide-crows--reilly-o-brien,1995-08-20,202,101,Ruck,9,517400
"O'Brien, Tim",pp-hawthorn-hawks--tim-o-brien,1994-03-28,193,90,"Defender, Forward",28,389300
"O'Connor, Barry",pp-sydney-swans--barry-o-connor-1,1998-06-26,193,92,"Defender, Forward",NA,102400
"O'Connor, Mark",pp-geelong-cats--mark-o-connor,1997-01-17,191,87,Defender,NA,346500
"O'Connor, Ronin",pp-adelaide-crows--ronin-o-connor,2001-02-01,191,85,Midfield,42,117300
"O'Dwyer, Finbar",pp-carlton-blues--finbar-o-dwyer,2000-07-24,192,76,Forward,66,123900
"O'Halloran, Xavier",pp-greater-western-sydney-giants--xavier-o-halloran,2000-07-11,186,84,Midfield,22,123900
"Okunbor, Stefan",pp-geelong-cats--stefan-okunbor,1998-08-12,190,87,Defender,NA,123900
"Oliver, Clayton",pp-melbourne-demons--clayton-oliver,1997-07-22,187,85,Midfield,4,593900
"O'Meara, Jaeger",pp-hawthorn-hawks--jaeger-o-meara,1994-02-23,183,82,Midfield,1,491100
"O'Neill, Mitch",pp-west-coast-eagles--mitch-o-neill,2001-02-21,176,70,Midfield,25,102400
"O'Neill, Xavier",pp-west-coast-eagles--xavier-o-neill,2000-08-03,185,81,Midfield,28,123900
"O'Reilly, Dillon",pp-fremantle-dockers--dillon-o-reilly,2000-06-02,193,79,Defender,11,123900
"O'Riordan, Colin",pp-sydney-swans--colin-o-riordan,1995-10-12,187,87,Defender,69,338000
"Owies, Matt",pp-carlton-blues--matt-owies,1997-03-19,179,84,Forward,NA,123900
"Papley, Tom",pp-sydney-swans--tom-papley,1996-07-13,178,76,Forward,14,425500
"Parfitt, Brandan",pp-geelong-cats--brandan-parfitt,1998-04-27,180,79,"Midfield, Forward",26,427400
"Parish, Darcy",pp-essendon-bombers--darcy-parish,1997-07-25,181,77,"Midfield, Forward",5,465400
"Parker, Luke",pp-sydney-swans--luke-parker,1992-10-25,183,87,Midfield,40,570700
"Parker, Matthew",pp-st-kilda-saints--matthew-parker,1996-01-25,190,75,Forward,47,290700
"Parsons, James",pp-geelong-cats--james-parsons,1997-04-12,190,82,Midfield,27,282400
"Pasini, Jake",pp-port-adelaide-power--jake-pasini,2001-02-06,192,81,Defender,8,117400
"Patmore, Jake",pp-port-adelaide-power--jake-patmore,1999-01-29,181,72,"Midfield, Forward",58,123900
"Paton, Ben",pp-st-kilda-saints--ben-paton,1998-10-19,187,79,Defender,46,314100
"Patton, Jonathon",pp-hawthorn-hawks--jonathon-patton,1993-05-20,198,102,"Forward, Ruck",1,337000
"Payne, Jack",pp-brisbane-lions--jack-payne,1999-10-15,197,101,Defender,54,123900
"Pearce, Alex",pp-fremantle-dockers--alex-pearce,1995-06-09,201,101,Defender,37,297700
"Pendlebury, Scott",pp-collingwood-magpies--scott-pendlebury,1988-01-07,191,90,Midfield,5,566500
"Pepper, Harry",pp-hawthorn-hawks--harry-pepper,2001-08-09,180,83,Defender,NA,102400
"Perez, Flynn",pp-kangaroos--flynn-perez,2001-08-25,187,82,Defender,35,117300
"Perryman, Harry",pp-greater-western-sydney-giants--harry-perryman,1998-12-19,184,80,Midfield,14,410500
"Petracca, Christian",pp-melbourne-demons--christian-petracca,1996-01-04,186,96,Forward,2,441300
"Petrevski-Seton, Sam",pp-carlton-blues--sam-petrevski-seton,1998-02-19,182,78,"Defender, Midfield",6,443300
"Petruccelle, Jack",pp-west-coast-eagles--jack-petruccelle,1999-04-12,185,80,Forward,38,276400
"Petty, Harrison",pp-melbourne-demons--harrison-petty,1999-11-12,197,89,"Defender, Forward",37,288300
"Phillips, Andrew",pp-essendon-bombers--andrew-phillips-1,1991-07-03,201,98,Ruck,97,403100
"Phillips, Edward",pp-st-kilda-saints--edward-phillips,1998-03-29,187,82,Midfield,56,274800
"Phillips, Fraser",pp-carlton-blues--fraser-phillips,2001-05-15,186,71,Forward,18,105400
"Phillips, Tom",pp-collingwood-magpies--tom-phillips,1996-05-07,187,79,Midfield,58,450500
"Philp, Sam",pp-carlton-blues--sam-philp,2001-08-04,185,80,Midfield,20,121800
"Pickett, Kysaiah",pp-melbourne-demons--kysaiah-pickett,2001-06-02,170,67,Forward,12,157800
"Pickett, Marlion",pp-richmond-tigers--marlion-pickett,1992-01-06,184,84,Midfield,13,123900
"Pina, Jarvis",pp-fremantle-dockers--jarvis-pina,2000-10-30,176,71,"Defender, Midfield",6,120400
"Pittard, Jasper",pp-kangaroos--jasper-mcmillan-pittard,1991-04-01,186,84,Defender,16,432000
"Pittonet, Marc",pp-carlton-blues--marc-pittonet,1996-06-03,202,105,Ruck,50,236200
"Plowman, Lachlan",pp-carlton-blues--lachlan-plowman,1994-09-11,193,90,Defender,3,392800
"Poholke, Myles",pp-adelaide-crows--myles-poholke,1998-07-10,186,86,Forward,44,221600
"Polec, Jared",pp-kangaroos--jared-polec,1992-10-12,187,84,Midfield,5,476400
"Polson, Cameron",pp-carlton-blues--cameron-polson,1998-03-11,177,81,Forward,59,138500
"Porter, Callum",pp-western-bulldogs--callum-porter,1999-02-22,182,76,Midfield,74,123900
"Powell, Wil",pp-gold-coast-suns--wil-powell,1999-08-26,185,76,Midfield,19,298700
"Powell-Pepper, Sam",pp-port-adelaide-power--sam-powell-pepper,1998-01-08,187,91,"Midfield, Forward",18,403300
"Prestia, Dion",pp-richmond-tigers--dion-prestia,1992-10-12,175,82,Midfield,9,550200
"Preuss, Braydon",pp-melbourne-demons--braydon-preuss,1995-06-16,206,114,"Forward, Ruck",15,329500
"Prior, Jaxon",pp-brisbane-lions--jaxon-prior,2001-06-04,188,79,Defender,59,117300
"Puopolo, Paul",pp-hawthorn-hawks--paul-puopolo,1987-12-02,173,78,Forward,66,346600
"Quaynor, Isaac",pp-collingwood-magpies--isaac-quaynor,2000-01-15,180,83,Defender,13,261700
"Ralphsmith, Hugo",pp-richmond-tigers--hugo-ralphsmith,2001-11-09,186,70,"Midfield, Forward",46,117300
"Rampe, Dane",pp-sydney-swans--dane-rampe,1990-06-02,187,88,Defender,90,527800
"Ramsay, Sam",pp-carlton-blues--sam-ramsay,2001-03-21,180,72,Midfield,47,117300
"Rankine, Izak",pp-gold-coast-suns--izak-rankine,2000-04-23,179,76,Forward,3,123900
"Rantall, Jay",pp-collingwood-magpies--jay-rantall,2001-06-10,184,82,Midfield,40,117300
"Ratugolea, Esava",pp-geelong-cats--esava-ratugolea,1998-07-24,197,102,Forward,43,319100
"Rayner, Cameron",pp-brisbane-lions--cameron-rayner,1999-10-21,187,90,Forward,1,251800
"Redden, Jack",pp-west-coast-eagles--jack-redden,1990-12-09,190,85,Midfield,25,485400
"Redman, Mason",pp-essendon-bombers--mason-redman,1997-08-26,187,87,Defender,30,379800
"Reeves, Ned",pp-hawthorn-hawks--ned-reeves,1998-10-31,208,96,Ruck,NA,123900
"Reid, Ben",pp-collingwood-magpies--ben-reid,1989-04-29,196,98,Forward,8,317700
"Reid, Nic",pp-west-coast-eagles--nic-reid,NA,NA,NA,NA,NA,102400
"Reid, Sam",pp-sydney-swans--sam-reid-1,1991-12-27,196,100,Forward,38,426000
"Reid, Samuel",pp-greater-western-sydney-giants--samuel-reid,1989-11-07,188,85,Defender,29,375700
"Reynolds, Harry",pp-sydney-swans--harry-reynolds,2000-10-11,189,74,Defender,28,123900
"Riccardi, Jake",pp-greater-western-sydney-giants--jake-riccardi,1999-11-07,195,92,Forward,51,117300
"Rich, Daniel",pp-brisbane-lions--daniel-rich,1990-06-07,183,87,Defender,7,525800
"Richards, Ed",pp-western-bulldogs--ed-richards,1999-07-03,185,79,"Midfield, Forward",16,264400
"Ridley, Jordan",pp-essendon-bombers--jordan-ridley,1998-10-20,192,91,Defender,22,322600
"Riewoldt, Jack",pp-richmond-tigers--jack-riewoldt,1988-10-31,193,92,Forward,13,374100
"Rioli, Daniel",pp-richmond-tigers--daniel-rioli,1997-04-16,179,76,Forward,15,321800
"Rioli, Willie",pp-west-coast-eagles--willie-rioli,1995-06-04,175,77,Forward,52,374700
"Riordan, Mitch",pp-gold-coast-suns--mitch-riordan,2000-01-25,187,83,Midfield,2,123900
"Rivers, Trent",pp-melbourne-demons--trent-rivers,2001-07-30,188,85,"Defender, Midfield",32,117300
"Roberton, Dylan",pp-st-kilda-saints--dylan-roberton,1991-06-21,194,94,Defender,49,260400
"Robertson, Deven",pp-brisbane-lions--deven-robertson,2001-06-30,182,80,Midfield,22,117300
"Robinson, Mitch",pp-brisbane-lions--mitch-robinson,1989-06-07,184,90,Midfield,40,512700
"Rockliff, Tom",pp-port-adelaide-power--tom-rockliff,1990-02-22,185,85,Midfield,5,495400
"Rohan, Gary",pp-geelong-cats--gary-rohan,1991-06-07,189,92,Forward,6,328800
"Ronke, Ben",pp-sydney-swans--ben-ronke,1997-12-18,183,76,Forward,17,243900
"Rosas, Malcolm",pp-gold-coast-suns--malcolm-rosas,2001-06-27,175,70,Forward,37,102400
"Ross, Jack",pp-richmond-tigers--jack-ross,2000-09-03,187,85,Midfield,43,305800
"Ross, Jackson",pp-hawthorn-hawks--jackson-ross,1999-06-22,193,79,Forward,71,123900
"Ross, Sebastian",pp-st-kilda-saints--sebastian-ross,1993-05-07,188,88,Midfield,25,530900
"Rotham, Josh",pp-west-coast-eagles--josh-rotham,1998-02-25,193,86,Defender,37,274800
"Roughead, Jordan",pp-collingwood-magpies--jordan-roughead,1990-11-03,200,101,Defender,31,352200
"Rowbottom, James",pp-sydney-swans--james-rowbottom,2000-09-19,186,78,"Midfield, Forward",25,337600
"Rowell, Matt",pp-gold-coast-suns--matt-rowell,2001-07-01,178,74,Midfield,1,207300
"Rowles, Brady",pp-sydney-swans--brady-rowles,2001-02-12,188,72,"Defender, Midfield",4,123400
"Rozee, Connor",pp-port-adelaide-power--connor-rozee,2000-01-22,185,74,Forward,5,422100
"Ruscoe, Trey",pp-collingwood-magpies--trey-ruscoe,2001-11-03,190,90,"Defender, Midfield",55,117300
"Ryan, Liam",pp-west-coast-eagles--liam-ryan,1996-10-02,179,72,Forward,26,334700
"Ryan, Luke",pp-fremantle-dockers--luke-ryan,1996-02-06,187,92,Defender,66,520400
"Ryder, Patrick",pp-st-kilda-saints--patrick-ryder,1988-03-14,197,94,"Forward, Ruck",7,449100
"Saad, Adam",pp-essendon-bombers--adam-saad,1994-07-23,178,78,Defender,25,443500
"Salem, Christian",pp-melbourne-demons--christian-salem,1995-07-15,183,81,Defender,9,491200
"Savage, Shane",pp-st-kilda-saints--shane-savage,1991-01-05,187,82,Defender,75,456900
"Schache, Josh",pp-western-bulldogs--josh-schache,1997-08-21,199,94,Forward,2,309500
"Scharenberg, Matthew",pp-collingwood-magpies--matthew-scharenberg,1995-09-18,191,93,Defender,6,273700
"Schlensog, Blake",pp-geelong-cats--blake-schlensog,2000-09-25,198,99,Forward,NA,123900
"Schoenberg, Harry",pp-adelaide-crows--harry-schoenberg,2001-02-21,180,78,Midfield,24,117300
"Schoenfeld, Joshua",pp-gold-coast-suns--joshua-schoenfeld,1997-07-03,186,84,Forward,1,178700
"Schofield, Will",pp-west-coast-eagles--will-schofield,1989-01-24,196,94,Defender,50,242600
"Schultz, Lachlan",pp-fremantle-dockers--lachlan-schultz,1997-11-30,178,78,Forward,57,208800
"Scott, Bailey",pp-kangaroos--bailey-scott,2000-07-09,186,73,"Midfield, Forward",49,234600
"Scrimshaw, Jack",pp-hawthorn-hawks--jack-scrimshaw,1998-09-04,193,88,Defender,7,350300
"Scully, Tom",pp-hawthorn-hawks--tom-scully,1991-05-15,181,80,Midfield,1,356800
"Seedsman, Paul",pp-adelaide-crows--paul-seedsman,1992-01-22,190,87,Midfield,76,392700
"Selwood, Joel",pp-geelong-cats--joel-selwood,1988-05-26,183,84,Midfield,7,465600
"Serong, Caleb",pp-fremantle-dockers--caleb-serong,2001-02-09,178,83,Midfield,8,175800
"Setterfield, Will",pp-carlton-blues--will-setterfield,1998-02-05,192,87,Midfield,5,329700
"Sexton, Alex",pp-gold-coast-suns--alex-sexton,1993-12-03,186,83,Forward,88,297200
"Sharp, Jeremy",pp-gold-coast-suns--jeremy-sharp,2001-08-13,187,79,Midfield,27,117300
"Shaw, Heath",pp-greater-western-sydney-giants--heath-shaw,1985-11-27,183,86,Defender,48,448700
"Sheed, Dominic",pp-west-coast-eagles--dominic-sheed,1995-04-10,185,87,Midfield,11,516100
"Sheppard, Bradley",pp-west-coast-eagles--bradley-sheppard,1991-05-23,187,85,Defender,7,455700
"Sheridan, Thomas",pp-greater-western-sydney-giants--thomas-sheridan,1993-10-28,187,82,Midfield,28,306100
"Shiel, Dylan",pp-essendon-bombers--dylan-shiel,1993-03-09,182,83,Midfield,NA,529100
"Shiels, Liam",pp-hawthorn-hawks--liam-shiels,1991-04-29,183,84,Midfield,34,471600
"Shipley, Nicholas",pp-greater-western-sydney-giants--nicholas-shipley,1999-06-25,188,92,Midfield,64,123900
"Sholl, Lachlan",pp-adelaide-crows--lachlan-sholl,2000-03-07,185,77,Defender,64,123900
"Short, Jayden",pp-richmond-tigers--jayden-short,1996-01-24,178,76,Defender,11,349300
"Shuey, Luke",pp-west-coast-eagles--luke-shuey,1990-06-02,183,90,Midfield,18,548200
"Sicily, James",pp-hawthorn-hawks--james-sicily,1995-01-06,186,87,Defender,56,509500
"Sidebottom, Steele",pp-collingwood-magpies--steele-sidebottom,1991-01-02,184,85,Midfield,11,512000
"Sier, Brayden",pp-collingwood-magpies--brayden-sier,1997-12-12,191,88,Midfield,32,242700
"Silvagni, Ben",pp-carlton-blues--ben-silvagni,2000-05-07,196,87,Defender,70,123900
"Silvagni, Jack",pp-carlton-blues--jack-silvagni,1997-12-17,194,89,Forward,53,325200
"Simpkin, Jy",pp-kangaroos--jy-simpkin,1998-03-05,182,75,"Midfield, Forward",12,383000
"Simpson, Kade",pp-carlton-blues--kade-simpson,1984-05-05,183,75,Defender,45,442600
"Simpson, Sam",pp-geelong-cats--sam-simpson,1998-06-14,180,74,Midfield,53,123900
"Sinclair, Callum",pp-sydney-swans--callum-sinclair,1989-09-23,200,96,Ruck,12,396400
"Sinclair, Jack",pp-st-kilda-saints--jack-sinclair,1995-02-12,181,81,"Midfield, Forward",1,420400
"Skinner, Sam",pp-brisbane-lions--sam-skinner,1997-06-29,198,100,Forward,12,111400
"Sloane, Rory",pp-adelaide-crows--rory-sloane,1990-03-17,182,83,Midfield,44,559300
"Smith, Archie",pp-brisbane-lions--archie-smith,1995-07-19,203,104,Ruck,34,179200
"Smith, Bailey",pp-western-bulldogs--bailey-smith,2000-12-07,185,80,"Midfield, Forward",7,415900
"Smith, Brock",pp-brisbane-lions--brock-smith,2001-03-13,188,81,Defender,33,117300
"Smith, Brodie",pp-adelaide-crows--brodie-smith,1992-01-14,189,90,Defender,14,481300
"Smith, Devon",pp-essendon-bombers--devon-smith,1993-05-20,174,77,"Midfield, Forward",14,335800
"Smith, Ely",pp-brisbane-lions--ely-smith,2000-09-13,187,86,"Midfield, Forward",21,123900
"Smith, Isaac",pp-hawthorn-hawks--isaac-smith,1988-12-30,188,83,Midfield,19,450700
"Smith, Joel",pp-melbourne-demons--joel-smith-1,1996-02-25,191,87,Defender,41,207400
"Smith, Roarke",pp-western-bulldogs--roarke-smith,1996-09-11,181,81,"Midfield, Forward",25,258000
"Smith, Zac",pp-gold-coast-suns--zac-smith,1990-02-22,206,105,Ruck,NA,254700
"Snelling, Will",pp-essendon-bombers--will-snelling,1997-08-06,175,70,Forward,7,321800
"Soldo, Ivan",pp-richmond-tigers--ivan-soldo,1996-04-14,204,106,Ruck,68,411200
"Spargo, Charlie",pp-melbourne-demons--charlie-spargo,1999-11-25,173,71,Forward,29,234200
"Sparrow, Tom",pp-melbourne-demons--tom-sparrow,2000-05-31,183,82,Forward,27,182500
"Sproule, Zachary",pp-greater-western-sydney-giants--zachary-sproule,1998-05-12,197,92,Forward,36,127100
"Stack, Sydney",pp-richmond-tigers--sydney-stack,2000-04-28,179,72,Defender,NA,435100
"Stanley, Rhys",pp-geelong-cats--rhys-stanley,1990-12-01,200,102,Ruck,47,467300
"Starcevich, Brandon",pp-brisbane-lions--brandon-starcevich,1999-07-24,188,88,"Defender, Midfield",18,147700
"Steele, Jack",pp-st-kilda-saints--jack-steele,1995-12-13,187,90,Midfield,24,515900
"Stein, Jake",pp-greater-western-sydney-giants--jake-stein,1994-01-17,195,95,Defender,15,231100
"Stengle, Tyson",pp-adelaide-crows--tyson-stengle,1998-10-19,172,73,Forward,6,202000
"Stephens, Cooper",pp-geelong-cats--cooper-stephens,2001-01-17,188,83,Midfield,16,139800
"Stephens, Dylan",pp-sydney-swans--dylan-stephens,2001-01-08,183,69,Midfield,5,189300
"Stephenson, Jaidyn",pp-collingwood-magpies--jaidyn-stephenson,1999-01-15,188,78,Forward,6,436200
"Steven, Jack",pp-geelong-cats--jack-steven,1990-03-28,180,83,"Midfield, Forward",42,361700
"Stewart, James",pp-essendon-bombers--james-stewart,1994-03-04,199,96,Forward,27,293000
"Stewart, Thomas",pp-geelong-cats--thomas-stewart,1993-03-15,190,88,Defender,40,533200
"Stocker, Liam",pp-carlton-blues--liam-stocker,2000-01-23,184,83,Defender,19,242400
"Stoddart, Ryley",pp-sydney-swans--ryley-stoddart,1999-10-15,186,73,Defender,53,123900
"Strachan, Kieran",pp-adelaide-crows--kieran-strachan,1995-10-05,204,95,"Forward, Ruck",7,123900
"Stratton, Benjamin",pp-hawthorn-hawks--benjamin-stratton,1989-03-01,189,88,Defender,46,236100
"Stringer, Jake",pp-essendon-bombers--jake-stringer,1994-04-25,192,95,Forward,5,384600
"Sturt, Sam",pp-fremantle-dockers--sam-sturt,2000-05-12,189,72,Forward,17,123900
"Suckling, Matthew",pp-western-bulldogs--matthew-suckling,1988-07-25,187,85,Defender,70,454000
"Sutcliffe, Cameron",pp-port-adelaide-power--cameron-sutcliffe,1992-05-23,186,88,Forward,9,223300
"Swallow, David",pp-gold-coast-suns--david-swallow,1992-11-19,185,87,Midfield,1,478900
"Sweet, Jordon",pp-western-bulldogs--jordon-sweet,1998-02-02,203,106,Ruck,23,123900
"Switkowski, Sam",pp-fremantle-dockers--sam-switkowski,1996-11-20,179,74,Forward,73,353000
"Taberner, Matthew",pp-fremantle-dockers--matthew-taberner,1993-06-17,198,99,Forward,70,426600
"Taheny, Cameron",pp-geelong-cats--cameron-taheny,2001-08-03,185,80,Forward,50,117300
"Talia, Daniel",pp-adelaide-crows--daniel-talia,1991-10-02,197,98,Defender,13,377700
"Taranto, Tim",pp-greater-western-sydney-giants--tim-taranto,1998-01-28,187,87,Midfield,2,555900
"Tarca, Jake",pp-geelong-cats--jake-tarca,2000-02-23,177,73,Forward,68,123900
"Tarrant, Robbie",pp-kangaroos--robert-tarrant,1989-04-25,196,97,Defender,15,447800
"Taylor, Ayce",pp-adelaide-crows--ayce-taylor,2000-09-26,190,81,Defender,NA,102400
"Taylor, Curtis",pp-kangaroos--curtis-taylor,2000-04-06,187,78,Forward,46,123900
"Taylor, Elijah",pp-sydney-swans--elijah-taylor,2001-05-01,185,75,"Midfield, Forward",36,117300
"Taylor, Harry",pp-geelong-cats--harry-taylor,1986-06-12,195,94,Defender,17,384300
"Taylor, Lewis",pp-sydney-swans--lewis-taylor,1995-02-17,175,80,Midfield,28,310200
"Taylor, Sam",pp-greater-western-sydney-giants--sam-taylor,1999-05-05,196,93,Defender,28,316200
"Thomas, Josh",pp-collingwood-magpies--josh-thomas,1991-10-01,178,78,Forward,42,338600
"Thomas, Leno",pp-fremantle-dockers--leno-thomas,2001-05-12,181,74,Defender,NA,102400
"Thomas, Tarryn",pp-kangaroos--tarryn-thomas,2000-03-25,189,74,Forward,8,339900
"Thompson, Rory",pp-gold-coast-suns--rory-thompson,1991-03-12,200,100,Defender,NA,212300
"Thurlow, Jackson",pp-sydney-swans--jackson-thurlow,1994-03-28,190,84,Defender,16,329400
"Tohill, Anton",pp-collingwood-magpies--anton-tohill,1999-12-14,191,85,Forward,NA,123900
"Tomlinson, Adam",pp-melbourne-demons--adam-tomlinson,1993-08-10,194,96,Midfield,9,390200
"Towey, Luke",pp-gold-coast-suns--luke-towey,1999-07-11,186,80,Defender,NA,102400
"Townsend, Jacob",pp-essendon-bombers--jacob-townsend,1993-06-20,187,89,Forward,32,222900
"Treacy, Anthony",pp-west-coast-eagles--anthony-treacy,1997-04-12,181,80,Forward,11,112900
"Treloar, Adam",pp-collingwood-magpies--adam-treloar,1993-03-09,182,89,Midfield,NA,615800
"Trengove, Jackson",pp-western-bulldogs--jackson-trengove,1990-11-02,197,97,Defender,22,354000
"Tucker, Darcy",pp-fremantle-dockers--darcy-tucker,1997-01-23,184,83,"Midfield, Forward",27,398400
"Tuohy, Zach",pp-geelong-cats--zach-tuohy,1989-12-10,187,93,Defender,102,386300
"Turner, Fraser",pp-richmond-tigers--fraser-turner,2000-12-26,186,75,Midfield,58,123900
"Turner, Kayne",pp-kangaroos--kayne-turner,1995-12-31,180,75,Forward,25,329400
"Tyson, Dom",pp-kangaroos--dom-tyson,1993-06-08,186,85,Midfield,3,287600
"Valente, Luke",pp-fremantle-dockers--luke-valente,2000-05-08,187,81,Midfield,32,123900
"Vandenberg, Aaron",pp-melbourne-demons--aaron-vandenberg,1992-03-03,188,93,"Midfield, Forward",2,248000
"Vandermeer, Laitham",pp-western-bulldogs--laitham-vandermeer,1999-02-03,180,77,"Midfield, Forward",37,123900
"Varcoe, Travis",pp-collingwood-magpies--travis-varcoe,1988-04-10,180,84,Forward,15,319400
"Vardy, Nathan",pp-west-coast-eagles--nathan-vardy,1991-06-25,200,98,Ruck,42,288800
"Venables, Daniel",pp-west-coast-eagles--daniel-venables,1998-11-19,187,84,Forward,13,233800
"Vickers-Willis, Ed",pp-kangaroos--ed-vickers-willis,1996-03-28,190,86,Defender,36,247600
"Viney, Jack",pp-melbourne-demons--jack-viney,1994-04-13,178,84,Midfield,26,439300
"Vlastuin, Nick",pp-richmond-tigers--nick-vlastuin,1994-04-19,187,88,Defender,9,495500
"Wagner, Corey",pp-melbourne-demons--corey-wagner,1997-03-23,181,75,"Midfield, Forward",43,308000
"Wagner, Joshua",pp-melbourne-demons--joshua-wagner,1994-06-24,189,84,Defender,6,332200
"Walker, Joshua",pp-kangaroos--joshua-walker,1992-11-12,197,100,Defender,54,345600
"Walker, Mathew",pp-hawthorn-hawks--mathew-walker,2000-02-14,188,84,Forward,63,123900
"Walker, Taylor",pp-adelaide-crows--taylor-walker,1990-04-25,193,100,Forward,75,365600
"Walker, Will",pp-kangaroos--will-walker,1999-03-30,186,78,Forward,23,154900
"Wallis, Mitchell",pp-western-bulldogs--mitchell-wallis,1992-10-24,186,85,"Midfield, Forward",22,454500
"Walsh, Sam",pp-carlton-blues--sam-walsh,2000-07-02,184,80,Midfield,1,471900
"Walters, Michael",pp-fremantle-dockers--michael-walters,1991-01-07,178,78,"Midfield, Forward",53,547200
"Ward, Callan",pp-greater-western-sydney-giants--callan-ward,1990-04-10,187,84,Midfield,19,511400
"Warner, Chad",pp-sydney-swans--chad-warner,2001-05-19,181,80,Midfield,39,117300
"Waterman, Jake",pp-west-coast-eagles--jake-waterman,1998-05-06,191,92,Forward,77,301600
"Watson, Francis",pp-west-coast-eagles--francis-watson,1995-09-29,187,81,Defender,NA,218300
"Watson, Tobe",pp-fremantle-dockers--tobe-watson,1997-12-03,190,83,Defender,22,123900
"Watts, Jack",pp-port-adelaide-power--jack-watts,1991-03-26,196,88,Defender,1,307900
"Webster, Jimmy",pp-st-kilda-saints--jimmy-webster,1993-06-28,188,83,Defender,42,346200
"Weideman, Sam",pp-melbourne-demons--sam-weideman,1997-06-26,195,97,Forward,9,319400
"Weightman, Cody",pp-western-bulldogs--cody-weightman,2001-01-15,177,73,Forward,15,144300
"Weitering, Jacob",pp-carlton-blues--jacob-weitering,1997-11-23,196,98,Defender,1,383700
"Weller, Lachlan",pp-gold-coast-suns--lachlan-weller,1996-02-23,181,81,Defender,13,481100
"West, Rhylee",pp-western-bulldogs--rhylee-west,2000-07-12,181,82,Forward,26,231300
"Westhoff, Justin",pp-port-adelaide-power--justin-westhoff,1986-10-01,199,96,"Midfield, Forward",71,435500
"Whitfield, Lachie",pp-greater-western-sydney-giants--lachie-whitfield,1994-07-18,187,81,"Midfield, Forward",1,604100
"Wicks, Sam",pp-sydney-swans--sam-wicks,1999-09-14,181,73,Midfield,NA,123900
"Wilkie, Callum",pp-st-kilda-saints--callum-wilkie,1996-03-10,191,87,Defender,3,383800
"Williams, Bailey",pp-western-bulldogs--bailey-williams,1997-10-10,187,85,Defender,48,300500
"Williams, Bailey",pp-west-coast-eagles--bailey-williams-1,2000-04-17,199,95,"Defender, Ruck",35,123900
"Williams, Dylan",pp-port-adelaide-power--dylan-williams,2001-07-01,185,79,"Midfield, Forward",23,117300
"Williams, Marley",pp-kangaroos--marley-williams,1993-07-22,181,83,Defender,94,334800
"Williams, Zachary",pp-greater-western-sydney-giants--zachary-williams,1994-09-20,185,84,Defender,95,551700
"Williamson, Tom",pp-carlton-blues--tom-williamson,1998-12-12,190,85,Defender,61,146300
"Wills, Rupert",pp-collingwood-magpies--rupert-wills,1993-05-20,192,88,Midfield,63,337900
"Wilson, Nathan",pp-fremantle-dockers--nathan-wilson,1993-01-07,185,81,Defender,NA,372000
"Wilson, Patrick",pp-adelaide-crows--patrick-wilson,1994-12-11,188,89,Midfield,17,190100
"Wines, Oliver",pp-port-adelaide-power--oliver-wines,1994-10-07,187,89,Midfield,7,479700
"Wingard, Chad",pp-hawthorn-hawks--chad-wingard,1993-07-29,183,85,"Midfield, Forward",6,412300
"Witherden, Alex",pp-brisbane-lions--alex-witherden,1998-09-10,188,85,Defender,23,392800
"Witts, Jarrod",pp-gold-coast-suns--jarrod-witts,1992-09-13,209,111,Ruck,67,541300
"Wood, Easton",pp-western-bulldogs--easton-wood,1989-09-04,187,86,Defender,43,289800
"Wood, Mason",pp-kangaroos--mason-wood,1993-09-13,192,87,Forward,41,356300
"Woodcock, Boyd",pp-port-adelaide-power--boyd-woodcock,2000-03-05,179,76,Forward,32,102400
"Wooller, Toby",pp-brisbane-lions--toby-wooller,1999-03-16,195,88,"Midfield, Forward",41,123900
"Worpel, James",pp-hawthorn-hawks--james-worpel,1999-01-24,185,85,Midfield,45,527000
"Worrell, Josh",pp-adelaide-crows--josh-worrell,2001-04-11,195,74,"Defender, Forward",28,117300
"Wright, Peter",pp-gold-coast-suns--peter-wright,1996-09-08,203,103,Forward,8,369300
"Xerri, Tristan",pp-kangaroos--tristan-xerri,1999-03-15,201,94,"Forward, Ruck",72,123900
"Yeo, Elliot",pp-west-coast-eagles--elliot-yeo,1993-10-01,190,89,Midfield,30,584400
"Young, Hayden",pp-fremantle-dockers--hayden-young,2001-04-11,188,82,Defender,7,180300
"Young, Lachie",pp-western-bulldogs--lachie-young,1999-04-06,189,81,Defender,6,219100
"Young, Lewis",pp-western-bulldogs--lewis-young,1998-12-20,197,96,Defender,49,267200
"Zaharakis, David",pp-essendon-bombers--david-zaharakis,1990-02-21,180,79,Midfield,23,428700
"Zerk-Thatcher, Brandon",pp-essendon-bombers--brandon-zerk-thatcher,1998-08-25,195,86,Defender,66,189000
"Ziebell, Jack",pp-kangaroos--jack-ziebell,1991-02-28,188,89,"Midfield, Forward",9,493400
"Zorko, Dayne",pp-brisbane-lions--dayne-zorko,1989-02-09,175,78,Midfield,NA,579100
"Zurhaar, Cameron",pp-kangaroos--cameron-zurhaar,1998-05-22,189,90,Forward,11,353800
